trajectory,dt,action_index,frustration
astropy-12907,0,0,0.100000
astropy-12907,0,1,0.150000
astropy-12907,0,2,0.150000
astropy-12907,0,3,0.150000
astropy-12907,0,4,0.200000
astropy-12907,0,5,0.200000
astropy-12907,0,6,0.200000
astropy-12907,0,7,0.350000
astropy-12907,0,8,0.407500
astropy-12907,0,9,0.465000
astropy-12907,0,10,0.465000
astropy-12907,0,11,0.465000
astropy-12907,0,12,0.465000
astropy-12907,0,13,0.465000
astropy-12907,0,14,0.465000
astropy-12907,0,15,0.565000
astropy-12907,0,16,0.665000
astropy-12907,0,17,0.780000
astropy-12907,0,18,0.895000
astropy-12907,0,19,1.000000
astropy-12907,0,20,1.000000
astropy-12907,0,21,1.000000
astropy-12907,0,22,1.000000
astropy-12907,0,23,1.000000
astropy-12907,0,24,1.000000
astropy-12907,0,25,1.000000
astropy-12907,0,26,1.000000
astropy-12907,0,27,1.000000
astropy-12907,5,0,0.100000
astropy-12907,5,1,0.150000
astropy-12907,5,2,0.148858
astropy-12907,5,3,0.147742
astropy-12907,5,4,0.196652
astropy-12907,5,5,0.194444
astropy-12907,5,6,0.192287
astropy-12907,5,7,0.340179
astropy-12907,5,8,0.384693
astropy-12907,5,9,0.428191
astropy-12907,5,10,0.420695
astropy-12907,5,11,0.413370
astropy-12907,5,12,0.406213
astropy-12907,5,13,0.399219
astropy-12907,5,14,0.392385
astropy-12907,5,15,0.485707
astropy-12907,5,16,0.576897
astropy-12907,5,17,0.667623
astropy-12907,5,18,0.756584
astropy-12907,5,19,0.843815
astropy-12907,5,20,0.829350
astropy-12907,5,21,0.812691
astropy-12907,5,22,0.796413
astropy-12907,5,23,0.830507
astropy-12907,5,24,0.813822
astropy-12907,5,25,0.797519
astropy-12907,5,26,0.781587
astropy-12907,5,27,0.766020
astropy-12907,15,0,0.100000
astropy-12907,15,1,0.150000
astropy-12907,15,2,0.146652
astropy-12907,15,3,0.143528
astropy-12907,15,4,0.190613
astropy-12907,15,5,0.184545
astropy-12907,15,6,0.178883
astropy-12907,15,7,0.323600
astropy-12907,15,8,0.358626
astropy-12907,15,9,0.391307
astropy-12907,15,10,0.371799
astropy-12907,15,11,0.353598
astropy-12907,15,12,0.336615
astropy-12907,15,13,0.320769
astropy-12907,15,14,0.305985
astropy-12907,15,15,0.392191
astropy-12907,15,16,0.472624
astropy-12907,15,17,0.551304
astropy-12907,15,18,0.625482
astropy-12907,15,19,0.695417
astropy-12907,15,20,0.661350
astropy-12907,15,21,0.623758
astropy-12907,15,22,0.588683
astropy-12907,15,23,0.605958
astropy-12907,15,24,0.572075
astropy-12907,15,25,0.540462
astropy-12907,15,26,0.510965
astropy-12907,15,27,0.483444
astropy-12907,60,0,0.100000
astropy-12907,60,1,0.150000
astropy-12907,60,2,0.137893
astropy-12907,60,3,0.128717
astropy-12907,60,4,0.171764
astropy-12907,60,5,0.154387
astropy-12907,60,6,0.141217
astropy-12907,60,7,0.281237
astropy-12907,60,8,0.287352
astropy-12907,60,9,0.291986
astropy-12907,60,10,0.245498
astropy-12907,60,11,0.210267
astropy-12907,60,12,0.183567
astropy-12907,60,13,0.163332
astropy-12907,60,14,0.147997
astropy-12907,60,15,0.236375
astropy-12907,60,16,0.303353
astropy-12907,60,17,0.360657
astropy-12907,60,18,0.397541
astropy-12907,60,19,0.425494
astropy-12907,60,20,0.346678
astropy-12907,60,21,0.286947
astropy-12907,60,22,0.241679
astropy-12907,60,23,0.252999
astropy-12907,60,24,0.215952
astropy-12907,60,25,0.187875
astropy-12907,60,26,0.166597
astropy-12907,60,27,0.150471
astropy-13033,0,0,0.100000
astropy-13033,0,1,0.100000
astropy-13033,0,2,0.150000
astropy-13033,0,3,0.200000
astropy-13033,0,4,0.200000
astropy-13033,0,5,0.250000
astropy-13033,0,6,0.250000
astropy-13033,0,7,0.250000
astropy-13033,0,8,0.350000
astropy-13033,0,9,0.450000
astropy-13033,0,10,0.565000
astropy-13033,0,11,0.680000
astropy-13033,0,12,0.795000
astropy-13033,0,13,0.852500
astropy-13033,0,14,0.910000
astropy-13033,0,15,0.960000
astropy-13033,0,16,1.000000
astropy-13033,0,17,1.000000
astropy-13033,0,18,1.000000
astropy-13033,0,19,1.000000
astropy-13033,0,20,1.000000
astropy-13033,0,21,1.000000
astropy-13033,0,22,1.000000
astropy-13033,0,23,1.000000
astropy-13033,0,24,1.000000
astropy-13033,0,25,1.000000
astropy-13033,0,26,1.000000
astropy-13033,0,27,1.000000
astropy-13033,0,28,1.000000
astropy-13033,0,29,1.000000
astropy-13033,0,30,1.000000
astropy-13033,0,31,1.000000
astropy-13033,0,32,1.000000
astropy-13033,0,33,1.000000
astropy-13033,0,34,1.000000
astropy-13033,0,35,1.000000
astropy-13033,0,36,1.000000
astropy-13033,0,37,1.000000
astropy-13033,0,38,1.000000
astropy-13033,0,39,1.000000
astropy-13033,0,40,1.000000
astropy-13033,0,41,1.000000
astropy-13033,0,42,1.000000
astropy-13033,0,43,1.000000
astropy-13033,0,44,1.000000
astropy-13033,0,45,1.000000
astropy-13033,0,46,1.000000
astropy-13033,0,47,1.000000
astropy-13033,0,48,1.000000
astropy-13033,0,49,1.000000
astropy-13033,0,50,1.000000
astropy-13033,0,51,1.000000
astropy-13033,0,52,1.000000
astropy-13033,0,53,1.000000
astropy-13033,0,54,1.000000
astropy-13033,0,55,1.000000
astropy-13033,0,56,1.000000
astropy-13033,0,57,1.000000
astropy-13033,0,58,1.000000
astropy-13033,5,0,0.100000
astropy-13033,5,1,0.100000
astropy-13033,5,2,0.150000
astropy-13033,5,3,0.198858
astropy-13033,5,4,0.196600
astropy-13033,5,5,0.244394
astropy-13033,5,6,0.241096
astropy-13033,5,7,0.237873
astropy-13033,5,8,0.334724
astropy-13033,5,9,0.429363
astropy-13033,5,10,0.522958
astropy-13033,5,11,0.614732
astropy-13033,5,12,0.704722
astropy-13033,5,13,0.742962
astropy-13033,5,14,0.778276
astropy-13033,5,15,0.812784
astropy-13033,5,16,0.846504
astropy-13033,5,17,0.879454
astropy-13033,5,18,0.911651
astropy-13033,5,19,0.943113
astropy-13033,5,20,0.973857
astropy-13033,5,21,1.000000
astropy-13033,5,22,1.000000
astropy-13033,5,23,1.000000
astropy-13033,5,24,1.000000
astropy-13033,5,25,1.000000
astropy-13033,5,26,1.000000
astropy-13033,5,27,1.000000
astropy-13033,5,28,1.000000
astropy-13033,5,29,0.979444
astropy-13033,5,30,1.000000
astropy-13033,5,31,0.979444
astropy-13033,5,32,0.959357
astropy-13033,5,33,0.939730
astropy-13033,5,34,0.920550
astropy-13033,5,35,0.901809
astropy-13033,5,36,0.933496
astropy-13033,5,37,0.964458
astropy-13033,5,38,0.994714
astropy-13033,5,39,0.974279
astropy-13033,5,40,1.000000
astropy-13033,5,41,1.000000
astropy-13033,5,42,1.000000
astropy-13033,5,43,1.000000
astropy-13033,5,44,0.979444
astropy-13033,5,45,1.000000
astropy-13033,5,46,0.979444
astropy-13033,5,47,1.000000
astropy-13033,5,48,1.000000
astropy-13033,5,49,1.000000
astropy-13033,5,50,1.000000
astropy-13033,5,51,1.000000
astropy-13033,5,52,1.000000
astropy-13033,5,53,1.000000
astropy-13033,5,54,1.000000
astropy-13033,5,55,1.000000
astropy-13033,5,56,0.979444
astropy-13033,5,57,1.000000
astropy-13033,5,58,0.979444
astropy-13033,15,0,0.100000
astropy-13033,15,1,0.100000
astropy-13033,15,2,0.150000
astropy-13033,15,3,0.196652
astropy-13033,15,4,0.190179
astropy-13033,15,5,0.234140
astropy-13033,15,6,0.225157
astropy-13033,15,7,0.216776
astropy-13033,15,8,0.308956
astropy-13033,15,9,0.394963
astropy-13033,15,10,0.478086
astropy-13033,15,11,0.556454
astropy-13033,15,12,0.630338
astropy-13033,15,13,0.649994
astropy-13033,15,14,0.663163
astropy-13033,15,15,0.675449
astropy-13033,15,16,0.686913
astropy-13033,15,17,0.697609
astropy-13033,15,18,0.707589
astropy-13033,15,19,0.716901
astropy-13033,15,20,0.725589
astropy-13033,15,21,0.733695
astropy-13033,15,22,0.741258
astropy-13033,15,23,0.748315
astropy-13033,15,24,0.754899
astropy-13033,15,25,0.761043
astropy-13033,15,26,0.766775
astropy-13033,15,27,0.772123
astropy-13033,15,28,0.877113
astropy-13033,15,29,0.825072
astropy-13033,15,30,0.826516
astropy-13033,15,31,0.777863
astropy-13033,15,32,0.732469
astropy-13033,15,33,0.690114
astropy-13033,15,34,0.650596
astropy-13033,15,35,0.608411
astropy-13033,15,36,0.614457
astropy-13033,15,37,0.630006
astropy-13033,15,38,0.644513
astropy-13033,15,39,0.608048
astropy-13033,15,40,0.624026
astropy-13033,15,41,0.638934
astropy-13033,15,42,0.652843
astropy-13033,15,43,0.665821
astropy-13033,15,44,0.627929
astropy-13033,15,45,0.642575
astropy-13033,15,46,0.606241
astropy-13033,15,47,0.622339
astropy-13033,15,48,0.737360
astropy-13033,15,49,0.744678
astropy-13033,15,50,0.751506
astropy-13033,15,51,0.757876
astropy-13033,15,52,0.863820
astropy-13033,15,53,0.862669
astropy-13033,15,54,0.861596
astropy-13033,15,55,0.860594
astropy-13033,15,56,0.809659
astropy-13033,15,57,0.812136
astropy-13033,15,58,0.764446
astropy-13033,60,0,0.100000
astropy-13033,60,1,0.100000
astropy-13033,60,2,0.150000
astropy-13033,60,3,0.187893
astropy-13033,60,4,0.166610
astropy-13033,60,5,0.200481
astropy-13033,60,6,0.176151
astropy-13033,60,7,0.157711
astropy-13033,60,8,0.243737
astropy-13033,60,9,0.308932
astropy-13033,60,10,0.365065
astropy-13033,60,11,0.400882
astropy-13033,60,12,0.428026
astropy-13033,60,13,0.398597
astropy-13033,60,14,0.376294
astropy-13033,60,15,0.359392
astropy-13033,60,16,0.346582
astropy-13033,60,17,0.336874
astropy-13033,60,18,0.329517
astropy-13033,60,19,0.323942
astropy-13033,60,20,0.319716
astropy-13033,60,21,0.316514
astropy-13033,60,22,0.314087
astropy-13033,60,23,0.312247
astropy-13033,60,24,0.310853
astropy-13033,60,25,0.309797
astropy-13033,60,26,0.308996
astropy-13033,60,27,0.308390
astropy-13033,60,28,0.407930
astropy-13033,60,29,0.333367
astropy-13033,60,30,0.326859
astropy-13033,60,31,0.271927
astropy-13033,60,32,0.230296
astropy-13033,60,33,0.198746
astropy-13033,60,34,0.174836
astropy-13033,60,35,0.156715
astropy-13033,60,36,0.192982
astropy-13033,60,37,0.220467
astropy-13033,60,38,0.241297
astropy-13033,60,39,0.207083
astropy-13033,60,40,0.231154
astropy-13033,60,41,0.249396
astropy-13033,60,42,0.263221
astropy-13033,60,43,0.273698
astropy-13033,60,44,0.231639
astropy-13033,60,45,0.249764
astropy-13033,60,46,0.213500
astropy-13033,60,47,0.236017
astropy-13033,60,48,0.353081
astropy-13033,60,49,0.341800
astropy-13033,60,50,0.333250
astropy-13033,60,51,0.326770
astropy-13033,60,52,0.421860
astropy-13033,60,53,0.393924
astropy-13033,60,54,0.372753
astropy-13033,60,55,0.356708
astropy-13033,60,56,0.294548
astropy-13033,60,57,0.297440
astropy-13033,60,58,0.249632
astropy-13236,0,0,0.100000
astropy-13236,0,1,0.100000
astropy-13236,0,2,0.100000
astropy-13236,0,3,0.150000
astropy-13236,0,4,0.150000
astropy-13236,0,5,0.150000
astropy-13236,0,6,0.150000
astropy-13236,0,7,0.250000
astropy-13236,0,8,0.350000
astropy-13236,0,9,0.465000
astropy-13236,0,10,0.465000
astropy-13236,0,11,0.465000
astropy-13236,0,12,0.465000
astropy-13236,0,13,0.522500
astropy-13236,0,14,0.580000
astropy-13236,0,15,0.630000
astropy-13236,0,16,0.630000
astropy-13236,0,17,0.630000
astropy-13236,0,18,0.680000
astropy-13236,0,19,0.680000
astropy-13236,0,20,0.680000
astropy-13236,0,21,0.730000
astropy-13236,0,22,0.780000
astropy-13236,0,23,0.780000
astropy-13236,0,24,0.830000
astropy-13236,0,25,0.830000
astropy-13236,0,26,0.830000
astropy-13236,0,27,0.880000
astropy-13236,0,28,1.000000
astropy-13236,0,29,1.000000
astropy-13236,0,30,1.000000
astropy-13236,0,31,1.000000
astropy-13236,0,32,1.000000
astropy-13236,0,33,1.000000
astropy-13236,0,34,1.000000
astropy-13236,0,35,1.000000
astropy-13236,0,36,1.000000
astropy-13236,0,37,1.000000
astropy-13236,0,38,1.000000
astropy-13236,0,39,1.000000
astropy-13236,0,40,1.000000
astropy-13236,0,41,1.000000
astropy-13236,0,42,1.000000
astropy-13236,0,43,1.000000
astropy-13236,5,0,0.100000
astropy-13236,5,1,0.100000
astropy-13236,5,2,0.100000
astropy-13236,5,3,0.150000
astropy-13236,5,4,0.148858
astropy-13236,5,5,0.147742
astropy-13236,5,6,0.146652
astropy-13236,5,7,0.245586
astropy-13236,5,8,0.342261
astropy-13236,5,9,0.437550
astropy-13236,5,10,0.430985
astropy-13236,5,11,0.423425
astropy-13236,5,12,0.416038
astropy-13236,5,13,0.458820
astropy-13236,5,14,0.500624
astropy-13236,5,15,0.541474
astropy-13236,5,16,0.531391
astropy-13236,5,17,0.521538
astropy-13236,5,18,0.561910
astropy-13236,5,19,0.551360
astropy-13236,5,20,0.541051
astropy-13236,5,21,0.580977
astropy-13236,5,22,0.619992
astropy-13236,5,23,0.608115
astropy-13236,5,24,0.646510
astropy-13236,5,25,0.634027
astropy-13236,5,26,0.621830
astropy-13236,5,27,0.659912
astropy-13236,5,28,0.797123
astropy-13236,5,29,0.781201
astropy-13236,5,30,0.815642
astropy-13236,5,31,0.849297
astropy-13236,5,32,0.882183
astropy-13236,5,33,0.914318
astropy-13236,5,34,0.945719
astropy-13236,5,35,0.926403
astropy-13236,5,36,0.907528
astropy-13236,5,37,1.000000
astropy-13236,5,38,0.979444
astropy-13236,5,39,1.000000
astropy-13236,5,40,1.000000
astropy-13236,5,41,0.979444
astropy-13236,5,42,0.959357
astropy-13236,5,43,0.939730
astropy-13236,15,0,0.100000
astropy-13236,15,1,0.100000
astropy-13236,15,2,0.100000
astropy-13236,15,3,0.150000
astropy-13236,15,4,0.146652
astropy-13236,15,5,0.143528
astropy-13236,15,6,0.140613
astropy-13236,15,7,0.237893
astropy-13236,15,8,0.328659
astropy-13236,15,9,0.415576
astropy-13236,15,10,0.397520
astropy-13236,15,11,0.377596
astropy-13236,15,12,0.359006
astropy-13236,15,13,0.391661
astropy-13236,15,14,0.422130
astropy-13236,15,15,0.450558
astropy-13236,15,16,0.427082
astropy-13236,15,17,0.405178
astropy-13236,15,18,0.434741
astropy-13236,15,19,0.412325
astropy-13236,15,20,0.391409
astropy-13236,15,21,0.421894
astropy-13236,15,22,0.450338
astropy-13236,15,23,0.426877
astropy-13236,15,24,0.454987
astropy-13236,15,25,0.431215
astropy-13236,15,26,0.409034
astropy-13236,15,27,0.438339
astropy-13236,15,28,0.565681
astropy-13236,15,29,0.534496
astropy-13236,15,30,0.555399
astropy-13236,15,31,0.574903
astropy-13236,15,32,0.593100
astropy-13236,15,33,0.610078
astropy-13236,15,34,0.625920
astropy-13236,15,35,0.590701
astropy-13236,15,36,0.557840
astropy-13236,15,37,0.677180
astropy-13236,15,38,0.638528
astropy-13236,15,39,0.752464
astropy-13236,15,40,0.758771
astropy-13236,15,41,0.714655
astropy-13236,15,42,0.673493
astropy-13236,15,43,0.635088
astropy-13236,60,0,0.100000
astropy-13236,60,1,0.100000
astropy-13236,60,2,0.100000
astropy-13236,60,3,0.150000
astropy-13236,60,4,0.137893
astropy-13236,60,5,0.128717
astropy-13236,60,6,0.121764
astropy-13236,60,7,0.216494
astropy-13236,60,8,0.288286
astropy-13236,60,9,0.348754
astropy-13236,60,10,0.296526
astropy-13236,60,11,0.248939
astropy-13236,60,12,0.212874
astropy-13236,60,13,0.230543
astropy-13236,60,14,0.248933
astropy-13236,60,15,0.262870
astropy-13236,60,16,0.223432
astropy-13236,60,17,0.193544
astropy-13236,60,18,0.220893
astropy-13236,60,19,0.191620
astropy-13236,60,20,0.169435
astropy-13236,60,21,0.202622
astropy-13236,60,22,0.227773
astropy-13236,60,23,0.196834
astropy-13236,60,24,0.223386
astropy-13236,60,25,0.193509
astropy-13236,60,26,0.170867
astropy-13236,60,27,0.203707
astropy-13236,60,28,0.328595
astropy-13236,60,29,0.273243
astropy-13236,60,30,0.281293
astropy-13236,60,31,0.287395
astropy-13236,60,32,0.292019
astropy-13236,60,33,0.295523
astropy-13236,60,34,0.298179
astropy-13236,60,35,0.250191
astropy-13236,60,36,0.213824
astropy-13236,60,37,0.336262
astropy-13236,60,38,0.279053
astropy-13236,60,39,0.385697
astropy-13236,60,40,0.366518
astropy-13236,60,41,0.301983
astropy-13236,60,42,0.253074
astropy-13236,60,43,0.216009
astropy-13398,0,0,0.100000
astropy-13398,0,1,0.100000
astropy-13398,0,2,0.100000
astropy-13398,0,3,0.150000
astropy-13398,0,4,0.150000
astropy-13398,0,5,0.150000
astropy-13398,0,6,0.150000
astropy-13398,0,7,0.150000
astropy-13398,0,8,0.200000
astropy-13398,0,9,0.350000
astropy-13398,0,10,0.350000
astropy-13398,0,11,0.350000
astropy-13398,0,12,0.450000
astropy-13398,0,13,0.550000
astropy-13398,0,14,0.665000
astropy-13398,0,15,0.780000
astropy-13398,0,16,0.895000
astropy-13398,0,17,0.895000
astropy-13398,0,18,0.895000
astropy-13398,0,19,0.895000
astropy-13398,0,20,0.895000
astropy-13398,0,21,0.952500
astropy-13398,0,22,0.952500
astropy-13398,0,23,0.952500
astropy-13398,0,24,0.952500
astropy-13398,0,25,0.952500
astropy-13398,0,26,0.952500
astropy-13398,0,27,0.952500
astropy-13398,0,28,0.952500
astropy-13398,0,29,1.000000
astropy-13398,0,30,1.000000
astropy-13398,0,31,1.000000
astropy-13398,0,32,1.000000
astropy-13398,0,33,1.000000
astropy-13398,0,34,1.000000
astropy-13398,0,35,1.000000
astropy-13398,0,36,1.000000
astropy-13398,0,37,1.000000
astropy-13398,0,38,1.000000
astropy-13398,0,39,1.000000
astropy-13398,0,40,1.000000
astropy-13398,0,41,1.000000
astropy-13398,0,42,1.000000
astropy-13398,0,43,1.000000
astropy-13398,0,44,1.000000
astropy-13398,0,45,1.000000
astropy-13398,0,46,1.000000
astropy-13398,0,47,1.000000
astropy-13398,0,48,1.000000
astropy-13398,0,49,1.000000
astropy-13398,0,50,1.000000
astropy-13398,0,51,1.000000
astropy-13398,0,52,1.000000
astropy-13398,0,53,1.000000
astropy-13398,0,54,1.000000
astropy-13398,0,55,1.000000
astropy-13398,5,0,0.100000
astropy-13398,5,1,0.100000
astropy-13398,5,2,0.100000
astropy-13398,5,3,0.150000
astropy-13398,5,4,0.148858
astropy-13398,5,5,0.147742
astropy-13398,5,6,0.146652
astropy-13398,5,7,0.145586
astropy-13398,5,8,0.194545
astropy-13398,5,9,0.342386
astropy-13398,5,10,0.336849
astropy-13398,5,11,0.331440
astropy-13398,5,12,0.426154
astropy-13398,5,13,0.518704
astropy-13398,5,14,0.610562
astropy-13398,5,15,0.700632
astropy-13398,5,16,0.788952
astropy-13398,5,17,0.775553
astropy-13398,5,18,0.760123
astropy-13398,5,19,0.745046
astropy-13398,5,20,0.730313
astropy-13398,5,21,0.765917
astropy-13398,5,22,0.750707
astropy-13398,5,23,0.735845
astropy-13398,5,24,0.721322
astropy-13398,5,25,0.707131
astropy-13398,5,26,0.693265
astropy-13398,5,27,0.679714
astropy-13398,5,28,0.666474
astropy-13398,5,29,0.753535
astropy-13398,5,30,0.738609
astropy-13398,5,31,0.724023
astropy-13398,5,32,0.709770
astropy-13398,5,33,0.695843
astropy-13398,5,34,0.682234
astropy-13398,5,35,0.668936
astropy-13398,5,36,0.655941
astropy-13398,5,37,0.643243
astropy-13398,5,38,0.680836
astropy-13398,5,39,0.667569
astropy-13398,5,40,0.654606
astropy-13398,5,41,0.641939
astropy-13398,5,42,0.629561
astropy-13398,5,43,0.617466
astropy-13398,5,44,0.605647
astropy-13398,5,45,0.694098
astropy-13398,5,46,0.680529
astropy-13398,5,47,0.667269
astropy-13398,5,48,0.654313
astropy-13398,5,49,0.641652
astropy-13398,5,50,0.629281
astropy-13398,5,51,0.617192
astropy-13398,5,52,0.605380
astropy-13398,5,53,0.593837
astropy-13398,5,54,0.582557
astropy-13398,5,55,0.571536
astropy-13398,15,0,0.100000
astropy-13398,15,1,0.100000
astropy-13398,15,2,0.100000
astropy-13398,15,3,0.150000
astropy-13398,15,4,0.146652
astropy-13398,15,5,0.143528
astropy-13398,15,6,0.140613
astropy-13398,15,7,0.137893
astropy-13398,15,8,0.185355
astropy-13398,15,9,0.329639
astropy-13398,15,10,0.314261
astropy-13398,15,11,0.299913
astropy-13398,15,12,0.386525
astropy-13398,15,13,0.467337
astropy-13398,15,14,0.546320
astropy-13398,15,15,0.620784
astropy-13398,15,16,0.690987
astropy-13398,15,17,0.657173
astropy-13398,15,18,0.619861
astropy-13398,15,19,0.585047
astropy-13398,15,20,0.552565
astropy-13398,15,21,0.572258
astropy-13398,15,22,0.540633
astropy-13398,15,23,0.511125
astropy-13398,15,24,0.483593
astropy-13398,15,25,0.457905
astropy-13398,15,26,0.433937
astropy-13398,15,27,0.411574
astropy-13398,15,28,0.390709
astropy-13398,15,29,0.471241
astropy-13398,15,30,0.446380
astropy-13398,15,31,0.423184
astropy-13398,15,32,0.401542
astropy-13398,15,33,0.381348
astropy-13398,15,34,0.362507
astropy-13398,15,35,0.344928
astropy-13398,15,36,0.328526
astropy-13398,15,37,0.313222
astropy-13398,15,38,0.348943
astropy-13398,15,39,0.332272
astropy-13398,15,40,0.316718
astropy-13398,15,41,0.302205
astropy-13398,15,42,0.288664
astropy-13398,15,43,0.276029
astropy-13398,15,44,0.264241
astropy-13398,15,45,0.353243
astropy-13398,15,46,0.336284
astropy-13398,15,47,0.320460
astropy-13398,15,48,0.305697
astropy-13398,15,49,0.291922
astropy-13398,15,50,0.279070
astropy-13398,15,51,0.267078
astropy-13398,15,52,0.255889
astropy-13398,15,53,0.245450
astropy-13398,15,54,0.235709
astropy-13398,15,55,0.226621
astropy-13398,60,0,0.100000
astropy-13398,60,1,0.100000
astropy-13398,60,2,0.100000
astropy-13398,60,3,0.150000
astropy-13398,60,4,0.137893
astropy-13398,60,5,0.128717
astropy-13398,60,6,0.121764
astropy-13398,60,7,0.116494
astropy-13398,60,8,0.162500
astropy-13398,60,9,0.297366
astropy-13398,60,10,0.249576
astropy-13398,60,11,0.213357
astropy-13398,60,12,0.285909
astropy-13398,60,13,0.340892
astropy-13398,60,14,0.382562
astropy-13398,60,15,0.414142
astropy-13398,60,16,0.438075
astropy-13398,60,17,0.356213
astropy-13398,60,18,0.294173
astropy-13398,60,19,0.247156
astropy-13398,60,20,0.211523
astropy-13398,60,21,0.226076
astropy-13398,60,22,0.195548
astropy-13398,60,23,0.172412
astropy-13398,60,24,0.154878
astropy-13398,60,25,0.141590
astropy-13398,60,26,0.131519
astropy-13398,60,27,0.123887
astropy-13398,60,28,0.118103
astropy-13398,60,29,0.213719
astropy-13398,60,30,0.186183
astropy-13398,60,31,0.165315
astropy-13398,60,32,0.149499
astropy-13398,60,33,0.137513
astropy-13398,60,34,0.128430
astropy-13398,60,35,0.121546
astropy-13398,60,36,0.116329
astropy-13398,60,37,0.112375
astropy-13398,60,38,0.159378
astropy-13398,60,39,0.145000
astropy-13398,60,40,0.134104
astropy-13398,60,41,0.125846
astropy-13398,60,42,0.119588
astropy-13398,60,43,0.114845
astropy-13398,60,44,0.111250
astropy-13398,60,45,0.208526
astropy-13398,60,46,0.182247
astropy-13398,60,47,0.162332
astropy-13398,60,48,0.147239
astropy-13398,60,49,0.135800
astropy-13398,60,50,0.127131
astropy-13398,60,51,0.120562
astropy-13398,60,52,0.115583
astropy-13398,60,53,0.111810
astropy-13398,60,54,0.108950
astropy-13398,60,55,0.106783
astropy-13453,0,0,0.100000
astropy-13453,0,1,0.100000
astropy-13453,0,2,0.150000
astropy-13453,0,3,0.150000
astropy-13453,0,4,0.200000
astropy-13453,0,5,0.350000
astropy-13453,0,6,0.350000
astropy-13453,0,7,0.350000
astropy-13453,0,8,0.350000
astropy-13453,0,9,0.350000
astropy-13453,0,10,0.350000
astropy-13453,0,11,0.407500
astropy-13453,0,12,0.557500
astropy-13453,0,13,0.807500
astropy-13453,0,14,1.000000
astropy-13453,0,15,1.000000
astropy-13453,0,16,1.000000
astropy-13453,0,17,1.000000
astropy-13453,0,18,1.000000
astropy-13453,0,19,1.000000
astropy-13453,0,20,1.000000
astropy-13453,0,21,1.000000
astropy-13453,0,22,1.000000
astropy-13453,0,23,1.000000
astropy-13453,0,24,1.000000
astropy-13453,0,25,1.000000
astropy-13453,0,26,1.000000
astropy-13453,0,27,1.000000
astropy-13453,0,28,1.000000
astropy-13453,0,29,1.000000
astropy-13453,0,30,1.000000
astropy-13453,5,0,0.100000
astropy-13453,5,1,0.100000
astropy-13453,5,2,0.150000
astropy-13453,5,3,0.148858
astropy-13453,5,4,0.197742
astropy-13453,5,5,0.345510
astropy-13453,5,6,0.339902
astropy-13453,5,7,0.334423
astropy-13453,5,8,0.329069
astropy-13453,5,9,0.323837
astropy-13453,5,10,0.318724
astropy-13453,5,11,0.363729
astropy-13453,5,12,0.507705
astropy-13453,5,13,0.748393
astropy-13453,5,14,0.985783
astropy-13453,5,15,0.968557
astropy-13453,5,16,0.951666
astropy-13453,5,17,1.000000
astropy-13453,5,18,1.000000
astropy-13453,5,19,1.000000
astropy-13453,5,20,0.979444
astropy-13453,5,21,0.959357
astropy-13453,5,22,0.989730
astropy-13453,5,23,0.969408
astropy-13453,5,24,0.949551
astropy-13453,5,25,0.930147
astropy-13453,5,26,0.911187
astropy-13453,5,27,0.892659
astropy-13453,5,28,0.874555
astropy-13453,5,29,0.856864
astropy-13453,5,30,0.839577
astropy-13453,15,0,0.100000
astropy-13453,15,1,0.100000
astropy-13453,15,2,0.150000
astropy-13453,15,3,0.146652
astropy-13453,15,4,0.193528
astropy-13453,15,5,0.337264
astropy-13453,15,6,0.321375
astropy-13453,15,7,0.306551
astropy-13453,15,8,0.292718
astropy-13453,15,9,0.279813
astropy-13453,15,10,0.267771
astropy-13453,15,11,0.306536
astropy-13453,15,12,0.442705
astropy-13453,15,13,0.669755
astropy-13453,15,14,0.887156
astropy-13453,15,15,0.842119
astropy-13453,15,16,0.799658
astropy-13453,15,17,0.852804
astropy-13453,15,18,0.902391
astropy-13453,15,19,0.948657
astropy-13453,15,20,0.891825
astropy-13453,15,21,0.838799
astropy-13453,15,22,0.839324
astropy-13453,15,23,0.789814
astropy-13453,15,24,0.743619
astropy-13453,15,25,0.700518
astropy-13453,15,26,0.660303
astropy-13453,15,27,0.622781
astropy-13453,15,28,0.587772
astropy-13453,15,29,0.555107
astropy-13453,15,30,0.524630
astropy-13453,60,0,0.100000
astropy-13453,60,1,0.100000
astropy-13453,60,2,0.150000
astropy-13453,60,3,0.137893
astropy-13453,60,4,0.178717
astropy-13453,60,5,0.309657
astropy-13453,60,6,0.258890
astropy-13453,60,7,0.220416
astropy-13453,60,8,0.191258
astropy-13453,60,9,0.169161
astropy-13453,60,10,0.152414
astropy-13453,60,11,0.189723
astropy-13453,60,12,0.317997
astropy-13453,60,13,0.515211
astropy-13453,60,14,0.678034
astropy-13453,60,15,0.556670
astropy-13453,60,16,0.446092
astropy-13453,60,17,0.452288
astropy-13453,60,18,0.466985
astropy-13453,60,19,0.478122
astropy-13453,60,20,0.386563
astropy-13453,60,21,0.317174
astropy-13453,60,22,0.314587
astropy-13453,60,23,0.262627
astropy-13453,60,24,0.223248
astropy-13453,60,25,0.193405
astropy-13453,60,26,0.170787
astropy-13453,60,27,0.153647
astropy-13453,60,28,0.140657
astropy-13453,60,29,0.130812
astropy-13453,60,30,0.123351
astropy-14096,0,0,0.100000
astropy-14096,0,1,0.100000
astropy-14096,0,2,0.150000
astropy-14096,0,3,0.150000
astropy-14096,0,4,0.200000
astropy-14096,0,5,0.200000
astropy-14096,0,6,0.200000
astropy-14096,0,7,0.300000
astropy-14096,0,8,0.400000
astropy-14096,0,9,0.515000
astropy-14096,0,10,0.515000
astropy-14096,0,11,0.572500
astropy-14096,0,12,0.687500
astropy-14096,0,13,0.687500
astropy-14096,0,14,0.687500
astropy-14096,0,15,0.687500
astropy-14096,0,16,0.745000
astropy-14096,0,17,0.860000
astropy-14096,0,18,0.917500
astropy-14096,0,19,1.000000
astropy-14096,0,20,1.000000
astropy-14096,0,21,1.000000
astropy-14096,0,22,1.000000
astropy-14096,0,23,1.000000
astropy-14096,0,24,1.000000
astropy-14096,0,25,1.000000
astropy-14096,0,26,1.000000
astropy-14096,5,0,0.100000
astropy-14096,5,1,0.100000
astropy-14096,5,2,0.150000
astropy-14096,5,3,0.148858
astropy-14096,5,4,0.197742
astropy-14096,5,5,0.195510
astropy-14096,5,6,0.193328
astropy-14096,5,7,0.291197
astropy-14096,5,8,0.386830
astropy-14096,5,9,0.481252
astropy-14096,5,10,0.473837
astropy-14096,5,11,0.515299
astropy-14096,5,12,0.605813
astropy-14096,5,13,0.594260
astropy-14096,5,14,0.582971
astropy-14096,5,15,0.571940
astropy-14096,5,16,0.611161
astropy-14096,5,17,0.699486
astropy-14096,5,18,0.735794
astropy-14096,5,19,0.871272
astropy-14096,5,20,0.903657
astropy-14096,5,21,0.935301
astropy-14096,5,22,0.916223
astropy-14096,5,23,0.897580
astropy-14096,5,24,0.929363
astropy-14096,5,25,0.910421
astropy-14096,5,26,0.891911
astropy-14096,15,0,0.100000
astropy-14096,15,1,0.100000
astropy-14096,15,2,0.150000
astropy-14096,15,3,0.146652
astropy-14096,15,4,0.193528
astropy-14096,15,5,0.187264
astropy-14096,15,6,0.181420
astropy-14096,15,7,0.275968
astropy-14096,15,8,0.364184
astropy-14096,15,9,0.449069
astropy-14096,15,10,0.429096
astropy-14096,15,11,0.457058
astropy-14096,15,12,0.533147
astropy-14096,15,13,0.504140
astropy-14096,15,14,0.477076
astropy-14096,15,15,0.451824
astropy-14096,15,16,0.478264
astropy-14096,15,17,0.552933
astropy-14096,15,18,0.572601
astropy-14096,15,19,0.690952
astropy-14096,15,20,0.701378
astropy-14096,15,21,0.711106
astropy-14096,15,22,0.670182
astropy-14096,15,23,0.631998
astropy-14096,15,24,0.646372
astropy-14096,15,25,0.609783
astropy-14096,15,26,0.575644
astropy-14096,60,0,0.100000
astropy-14096,60,1,0.100000
astropy-14096,60,2,0.150000
astropy-14096,60,3,0.137893
astropy-14096,60,4,0.178717
astropy-14096,60,5,0.159657
astropy-14096,60,6,0.145211
astropy-14096,60,7,0.234264
astropy-14096,60,8,0.301753
astropy-14096,60,9,0.359393
astropy-14096,60,10,0.296583
astropy-14096,60,11,0.298982
astropy-14096,60,12,0.350800
astropy-14096,60,13,0.290071
astropy-14096,60,14,0.244047
astropy-14096,60,15,0.209167
astropy-14096,60,16,0.227733
astropy-14096,60,17,0.296804
astropy-14096,60,18,0.299149
astropy-14096,60,19,0.400927
astropy-14096,60,20,0.378060
astropy-14096,60,21,0.360730
astropy-14096,60,22,0.297596
astropy-14096,60,23,0.249750
astropy-14096,60,24,0.263489
astropy-14096,60,25,0.223902
astropy-14096,60,26,0.193900
astropy-14182,0,0,0.100000
astropy-14182,0,1,0.100000
astropy-14182,0,2,0.150000
astropy-14182,0,3,0.200000
astropy-14182,0,4,0.250000
astropy-14182,0,5,0.400000
astropy-14182,0,6,0.550000
astropy-14182,0,7,0.700000
astropy-14182,0,8,0.700000
astropy-14182,0,9,0.850000
astropy-14182,0,10,0.850000
astropy-14182,0,11,0.850000
astropy-14182,0,12,0.950000
astropy-14182,0,13,1.000000
astropy-14182,0,14,1.000000
astropy-14182,0,15,1.000000
astropy-14182,0,16,1.000000
astropy-14182,0,17,1.000000
astropy-14182,0,18,1.000000
astropy-14182,0,19,1.000000
astropy-14182,0,20,1.000000
astropy-14182,0,21,1.000000
astropy-14182,0,22,1.000000
astropy-14182,0,23,1.000000
astropy-14182,0,24,1.000000
astropy-14182,0,25,1.000000
astropy-14182,0,26,1.000000
astropy-14182,0,27,1.000000
astropy-14182,0,28,1.000000
astropy-14182,0,29,1.000000
astropy-14182,0,30,1.000000
astropy-14182,0,31,1.000000
astropy-14182,0,32,1.000000
astropy-14182,0,33,1.000000
astropy-14182,0,34,1.000000
astropy-14182,5,0,0.100000
astropy-14182,5,1,0.100000
astropy-14182,5,2,0.150000
astropy-14182,5,3,0.198858
astropy-14182,5,4,0.246600
astropy-14182,5,5,0.393252
astropy-14182,5,6,0.536554
astropy-14182,5,7,0.676583
astropy-14182,5,8,0.663414
astropy-14182,5,9,0.800545
astropy-14182,5,10,0.784545
astropy-14182,5,11,0.768910
astropy-14182,5,12,0.853632
astropy-14182,5,13,0.936419
astropy-14182,5,14,1.000000
astropy-14182,5,15,0.982497
astropy-14182,5,16,0.962341
astropy-14182,5,17,0.942645
astropy-14182,5,18,0.923399
astropy-14182,5,19,0.904593
astropy-14182,5,20,0.886216
astropy-14182,5,21,0.868258
astropy-14182,5,22,0.850711
astropy-14182,5,23,0.833565
astropy-14182,5,24,0.866810
astropy-14182,5,25,0.849296
astropy-14182,5,26,0.832183
astropy-14182,5,27,0.815459
astropy-14182,5,28,0.849118
astropy-14182,5,29,0.932008
astropy-14182,5,30,0.913005
astropy-14182,5,31,0.894436
astropy-14182,5,32,0.876291
astropy-14182,5,33,0.858561
astropy-14182,5,34,0.841235
astropy-14182,15,0,0.100000
astropy-14182,15,1,0.100000
astropy-14182,15,2,0.150000
astropy-14182,15,3,0.196652
astropy-14182,15,4,0.240179
astropy-14182,15,5,0.380792
astropy-14182,15,6,0.511988
astropy-14182,15,7,0.634398
astropy-14182,15,8,0.598611
astropy-14182,15,9,0.715221
astropy-14182,15,10,0.674021
astropy-14182,15,11,0.635581
astropy-14182,15,12,0.699715
astropy-14182,15,13,0.759554
astropy-14182,15,14,0.815385
astropy-14182,15,15,0.767478
astropy-14182,15,16,0.722779
astropy-14182,15,17,0.681073
astropy-14182,15,18,0.642161
astropy-14182,15,19,0.600621
astropy-14182,15,20,0.562265
astropy-14182,15,21,0.526847
astropy-14182,15,22,0.498263
astropy-14182,15,23,0.471592
astropy-14182,15,24,0.496708
astropy-14182,15,25,0.470141
astropy-14182,15,26,0.445354
astropy-14182,15,27,0.422227
astropy-14182,15,28,0.450648
astropy-14182,15,29,0.527166
astropy-14182,15,30,0.498560
astropy-14182,15,31,0.471870
astropy-14182,15,32,0.446967
astropy-14182,15,33,0.423732
astropy-14182,15,34,0.402052
astropy-14182,60,0,0.100000
astropy-14182,60,1,0.100000
astropy-14182,60,2,0.150000
astropy-14182,60,3,0.187893
astropy-14182,60,4,0.216610
astropy-14182,60,5,0.338374
astropy-14182,60,6,0.430654
astropy-14182,60,7,0.500589
astropy-14182,60,8,0.403589
astropy-14182,60,9,0.480078
astropy-14182,60,10,0.388045
astropy-14182,60,11,0.318297
astropy-14182,60,12,0.355438
astropy-14182,60,13,0.393586
astropy-14182,60,14,0.422497
astropy-14182,60,15,0.344407
astropy-14182,60,16,0.285226
astropy-14182,60,17,0.240375
astropy-14182,60,18,0.206384
astropy-14182,60,19,0.177340
astropy-14182,60,20,0.156225
astropy-14182,60,21,0.142611
astropy-14182,60,22,0.132293
astropy-14182,60,23,0.124473
astropy-14182,60,24,0.168547
astropy-14182,60,25,0.151949
astropy-14182,60,26,0.139370
astropy-14182,60,27,0.129837
astropy-14182,60,28,0.172612
astropy-14182,60,29,0.255030
astropy-14182,60,30,0.217491
astropy-14182,60,31,0.189041
astropy-14182,60,32,0.167481
astropy-14182,60,33,0.151141
astropy-14182,60,34,0.138757
astropy-14309,0,0,0.100000
astropy-14309,0,1,0.100000
astropy-14309,0,2,0.150000
astropy-14309,0,3,0.200000
astropy-14309,0,4,0.200000
astropy-14309,0,5,0.200000
astropy-14309,0,6,0.350000
astropy-14309,0,7,0.350000
astropy-14309,0,8,0.350000
astropy-14309,0,9,0.350000
astropy-14309,0,10,0.450000
astropy-14309,0,11,0.450000
astropy-14309,0,12,0.450000
astropy-14309,0,13,0.450000
astropy-14309,0,14,0.507500
astropy-14309,0,15,0.557500
astropy-14309,0,16,0.557500
astropy-14309,0,17,0.557500
astropy-14309,0,18,0.557500
astropy-14309,0,19,0.557500
astropy-14309,0,20,0.607500
astropy-14309,0,21,0.607500
astropy-14309,0,22,0.657500
astropy-14309,0,23,0.707500
astropy-14309,0,24,0.707500
astropy-14309,0,25,0.757500
astropy-14309,0,26,0.757500
astropy-14309,0,27,0.757500
astropy-14309,5,0,0.100000
astropy-14309,5,1,0.100000
astropy-14309,5,2,0.150000
astropy-14309,5,3,0.198858
astropy-14309,5,4,0.196600
astropy-14309,5,5,0.194394
astropy-14309,5,6,0.342238
astropy-14309,5,7,0.336705
astropy-14309,5,8,0.331299
astropy-14309,5,9,0.326016
astropy-14309,5,10,0.420854
astropy-14309,5,11,0.413525
astropy-14309,5,12,0.406364
astropy-14309,5,13,0.399367
astropy-14309,5,14,0.442529
astropy-14309,5,15,0.484706
astropy-14309,5,16,0.475919
astropy-14309,5,17,0.467333
astropy-14309,5,18,0.458943
astropy-14309,5,19,0.450745
astropy-14309,5,20,0.492734
astropy-14309,5,21,0.483764
astropy-14309,5,22,0.524999
astropy-14309,5,23,0.565292
astropy-14309,5,24,0.554665
astropy-14309,5,25,0.594280
astropy-14309,5,26,0.582991
astropy-14309,5,27,0.571959
astropy-14309,15,0,0.100000
astropy-14309,15,1,0.100000
astropy-14309,15,2,0.150000
astropy-14309,15,3,0.196652
astropy-14309,15,4,0.190179
astropy-14309,15,5,0.184140
astropy-14309,15,6,0.328506
astropy-14309,15,7,0.313203
astropy-14309,15,8,0.298926
astropy-14309,15,9,0.285604
astropy-14309,15,10,0.373175
astropy-14309,15,11,0.354881
astropy-14309,15,12,0.337812
astropy-14309,15,13,0.321887
astropy-14309,15,14,0.357028
astropy-14309,15,15,0.389815
astropy-14309,15,16,0.370407
astropy-14309,15,17,0.352299
astropy-14309,15,18,0.335403
astropy-14309,15,19,0.319639
astropy-14309,15,20,0.354930
astropy-14309,15,21,0.337859
astropy-14309,15,22,0.371930
astropy-14309,15,23,0.403720
astropy-14309,15,24,0.383380
astropy-14309,15,25,0.414403
astropy-14309,15,26,0.393349
astropy-14309,15,27,0.373704
astropy-14309,60,0,0.100000
astropy-14309,60,1,0.100000
astropy-14309,60,2,0.150000
astropy-14309,60,3,0.187893
astropy-14309,60,4,0.166610
astropy-14309,60,5,0.150481
astropy-14309,60,6,0.288258
astropy-14309,60,7,0.242673
astropy-14309,60,8,0.208126
astropy-14309,60,9,0.181944
astropy-14309,60,10,0.262102
astropy-14309,60,11,0.222850
astropy-14309,60,12,0.193103
astropy-14309,60,13,0.170559
astropy-14309,60,14,0.203474
astropy-14309,60,15,0.228418
astropy-14309,60,16,0.197323
astropy-14309,60,17,0.173757
astropy-14309,60,18,0.155897
astropy-14309,60,19,0.142362
astropy-14309,60,20,0.182105
astropy-14309,60,21,0.162224
astropy-14309,60,22,0.197157
astropy-14309,60,23,0.223631
astropy-14309,60,24,0.193695
astropy-14309,60,25,0.221007
astropy-14309,60,26,0.191706
astropy-14309,60,27,0.169500
astropy-14369,0,0,0.100000
astropy-14369,0,1,0.100000
astropy-14369,0,2,0.100000
astropy-14369,0,3,0.100000
astropy-14369,0,4,0.100000
astropy-14369,0,5,0.100000
astropy-14369,0,6,0.150000
astropy-14369,0,7,0.200000
astropy-14369,0,8,0.300000
astropy-14369,0,9,0.300000
astropy-14369,0,10,0.450000
astropy-14369,0,11,0.450000
astropy-14369,0,12,0.450000
astropy-14369,0,13,0.507500
astropy-14369,0,14,0.680000
astropy-14369,0,15,0.967500
astropy-14369,0,16,1.000000
astropy-14369,0,17,1.000000
astropy-14369,0,18,1.000000
astropy-14369,0,19,1.000000
astropy-14369,0,20,1.000000
astropy-14369,0,21,1.000000
astropy-14369,0,22,1.000000
astropy-14369,0,23,1.000000
astropy-14369,0,24,1.000000
astropy-14369,0,25,1.000000
astropy-14369,0,26,1.000000
astropy-14369,0,27,1.000000
astropy-14369,0,28,1.000000
astropy-14369,0,29,1.000000
astropy-14369,0,30,1.000000
astropy-14369,0,31,1.000000
astropy-14369,0,32,1.000000
astropy-14369,0,33,1.000000
astropy-14369,0,34,1.000000
astropy-14369,0,35,1.000000
astropy-14369,0,36,1.000000
astropy-14369,0,37,1.000000
astropy-14369,0,38,1.000000
astropy-14369,0,39,1.000000
astropy-14369,0,40,1.000000
astropy-14369,0,41,1.000000
astropy-14369,0,42,1.000000
astropy-14369,0,43,1.000000
astropy-14369,0,44,1.000000
astropy-14369,0,45,1.000000
astropy-14369,0,46,1.000000
astropy-14369,0,47,1.000000
astropy-14369,0,48,1.000000
astropy-14369,0,49,1.000000
astropy-14369,0,50,1.000000
astropy-14369,0,51,1.000000
astropy-14369,0,52,1.000000
astropy-14369,0,53,1.000000
astropy-14369,0,54,1.000000
astropy-14369,5,0,0.100000
astropy-14369,5,1,0.100000
astropy-14369,5,2,0.100000
astropy-14369,5,3,0.100000
astropy-14369,5,4,0.100000
astropy-14369,5,5,0.100000
astropy-14369,5,6,0.150000
astropy-14369,5,7,0.198858
astropy-14369,5,8,0.296600
astropy-14369,5,9,0.292110
astropy-14369,5,10,0.437722
astropy-14369,5,11,0.430008
astropy-14369,5,12,0.422471
astropy-14369,5,13,0.465106
astropy-14369,5,14,0.606767
astropy-14369,5,15,0.845192
astropy-14369,5,16,1.000000
astropy-14369,5,17,0.982497
astropy-14369,5,18,0.962341
astropy-14369,5,19,0.992645
astropy-14369,5,20,1.000000
astropy-14369,5,21,1.000000
astropy-14369,5,22,1.000000
astropy-14369,5,23,0.979444
astropy-14369,5,24,0.959357
astropy-14369,5,25,0.939730
astropy-14369,5,26,0.920550
astropy-14369,5,27,0.951809
astropy-14369,5,28,0.932354
astropy-14369,5,29,0.963343
astropy-14369,5,30,0.993624
astropy-14369,5,31,1.000000
astropy-14369,5,32,1.000000
astropy-14369,5,33,1.000000
astropy-14369,5,34,1.000000
astropy-14369,5,35,0.979444
astropy-14369,5,36,0.959357
astropy-14369,5,37,1.000000
astropy-14369,5,38,0.979444
astropy-14369,5,39,0.959357
astropy-14369,5,40,1.000000
astropy-14369,5,41,1.000000
astropy-14369,5,42,0.979444
astropy-14369,5,43,0.959357
astropy-14369,5,44,0.989730
astropy-14369,5,45,0.969408
astropy-14369,5,46,0.949551
astropy-14369,5,47,0.930147
astropy-14369,5,48,0.911187
astropy-14369,5,49,0.942659
astropy-14369,5,50,0.923413
astropy-14369,5,51,0.954606
astropy-14369,5,52,0.935087
astropy-14369,5,53,0.916013
astropy-14369,5,54,0.897376
astropy-14369,15,0,0.100000
astropy-14369,15,1,0.100000
astropy-14369,15,2,0.100000
astropy-14369,15,3,0.100000
astropy-14369,15,4,0.100000
astropy-14369,15,5,0.100000
astropy-14369,15,6,0.150000
astropy-14369,15,7,0.196652
astropy-14369,15,8,0.290179
astropy-14369,15,9,0.277443
astropy-14369,15,10,0.415561
astropy-14369,15,11,0.394428
astropy-14369,15,12,0.374711
astropy-14369,15,13,0.406315
astropy-14369,15,14,0.535802
astropy-14369,15,15,0.756618
astropy-14369,15,16,0.969049
astropy-14369,15,17,0.919326
astropy-14369,15,18,0.872448
astropy-14369,15,19,0.870719
astropy-14369,15,20,0.869106
astropy-14369,15,21,0.867602
astropy-14369,15,22,0.866198
astropy-14369,15,23,0.814888
astropy-14369,15,24,0.767014
astropy-14369,15,25,0.722346
astropy-14369,15,26,0.680669
astropy-14369,15,27,0.681180
astropy-14369,15,28,0.642260
astropy-14369,15,29,0.655946
astropy-14369,15,30,0.668716
astropy-14369,15,31,0.680631
astropy-14369,15,32,0.691748
astropy-14369,15,33,0.702120
astropy-14369,15,34,0.711798
astropy-14369,15,35,0.670828
astropy-14369,15,36,0.632601
astropy-14369,15,37,0.746935
astropy-14369,15,38,0.703611
astropy-14369,15,39,0.663189
astropy-14369,15,40,0.725474
astropy-14369,15,41,0.733588
astropy-14369,15,42,0.691158
astropy-14369,15,43,0.651570
astropy-14369,15,44,0.664633
astropy-14369,15,45,0.626822
astropy-14369,15,46,0.591542
astropy-14369,15,47,0.558625
astropy-14369,15,48,0.527912
astropy-14369,15,49,0.549256
astropy-14369,15,50,0.519171
astropy-14369,15,51,0.541100
astropy-14369,15,52,0.511561
astropy-14369,15,53,0.484000
astropy-14369,15,54,0.458285
astropy-14369,60,0,0.100000
astropy-14369,60,1,0.100000
astropy-14369,60,2,0.100000
astropy-14369,60,3,0.100000
astropy-14369,60,4,0.100000
astropy-14369,60,5,0.100000
astropy-14369,60,6,0.150000
astropy-14369,60,7,0.187893
astropy-14369,60,8,0.266610
astropy-14369,60,9,0.226267
astropy-14369,60,10,0.345693
astropy-14369,60,11,0.286200
astropy-14369,60,12,0.241113
astropy-14369,60,13,0.256944
astropy-14369,60,14,0.368941
astropy-14369,60,15,0.553819
astropy-14369,60,16,0.708536
astropy-14369,60,17,0.580769
astropy-14369,60,18,0.464354
astropy-14369,60,19,0.421129
astropy-14369,60,20,0.393370
astropy-14369,60,21,0.372333
astropy-14369,60,22,0.356390
astropy-14369,60,23,0.294307
astropy-14369,60,24,0.247257
astropy-14369,60,25,0.211600
astropy-14369,60,26,0.184577
astropy-14369,60,27,0.211486
astropy-14369,60,28,0.184491
astropy-14369,60,29,0.214032
astropy-14369,60,30,0.236420
astropy-14369,60,31,0.253387
astropy-14369,60,32,0.266246
astropy-14369,60,33,0.275991
astropy-14369,60,34,0.283376
astropy-14369,60,35,0.238973
astropy-14369,60,36,0.205322
astropy-14369,60,37,0.329819
astropy-14369,60,38,0.274170
astropy-14369,60,39,0.231996
astropy-14369,60,40,0.300035
astropy-14369,60,41,0.301598
astropy-14369,60,42,0.252783
astropy-14369,60,43,0.215788
astropy-14369,60,44,0.237751
astropy-14369,60,45,0.204395
astropy-14369,60,46,0.179117
astropy-14369,60,47,0.159959
astropy-14369,60,48,0.145441
astropy-14369,60,49,0.184438
astropy-14369,60,50,0.163992
astropy-14369,60,51,0.198497
astropy-14369,60,52,0.174647
astropy-14369,60,53,0.156571
astropy-14369,60,54,0.142873
astropy-14508,0,0,0.100000
astropy-14508,0,1,0.100000
astropy-14508,0,2,0.150000
astropy-14508,0,3,0.150000
astropy-14508,0,4,0.150000
astropy-14508,0,5,0.150000
astropy-14508,0,6,0.150000
astropy-14508,0,7,0.250000
astropy-14508,0,8,0.350000
astropy-14508,0,9,0.465000
astropy-14508,0,10,0.580000
astropy-14508,0,11,0.695000
astropy-14508,0,12,0.695000
astropy-14508,0,13,0.695000
astropy-14508,0,14,0.752500
astropy-14508,0,15,0.752500
astropy-14508,0,16,0.802500
astropy-14508,0,17,0.952500
astropy-14508,0,18,1.000000
astropy-14508,0,19,1.000000
astropy-14508,0,20,1.000000
astropy-14508,0,21,1.000000
astropy-14508,0,22,1.000000
astropy-14508,0,23,1.000000
astropy-14508,0,24,1.000000
astropy-14508,5,0,0.100000
astropy-14508,5,1,0.100000
astropy-14508,5,2,0.150000
astropy-14508,5,3,0.148858
astropy-14508,5,4,0.147742
astropy-14508,5,5,0.146652
astropy-14508,5,6,0.145586
astropy-14508,5,7,0.244545
astropy-14508,5,8,0.341244
astropy-14508,5,9,0.436552
astropy-14508,5,10,0.530007
astropy-14508,5,11,0.621644
astropy-14508,5,12,0.611499
astropy-14508,5,13,0.599817
astropy-14508,5,14,0.638401
astropy-14508,5,15,0.626104
astropy-14508,5,16,0.664088
astropy-14508,5,17,0.801204
astropy-14508,5,18,0.935188
astropy-14508,5,19,0.916113
astropy-14508,5,20,0.897473
astropy-14508,5,21,0.879258
astropy-14508,5,22,0.861460
astropy-14508,5,23,0.844068
astropy-14508,5,24,0.827074
astropy-14508,15,0,0.100000
astropy-14508,15,1,0.100000
astropy-14508,15,2,0.150000
astropy-14508,15,3,0.146652
astropy-14508,15,4,0.143528
astropy-14508,15,5,0.140613
astropy-14508,15,6,0.137893
astropy-14508,15,7,0.235355
astropy-14508,15,8,0.326291
astropy-14508,15,9,0.413344
astropy-14508,15,10,0.495416
astropy-14508,15,11,0.572792
astropy-14508,15,12,0.545741
astropy-14508,15,13,0.515891
astropy-14508,15,14,0.538040
astropy-14508,15,15,0.508706
astropy-14508,15,16,0.531336
astropy-14508,15,17,0.652451
astropy-14508,15,18,0.765455
astropy-14508,15,19,0.720891
astropy-14508,15,20,0.679312
astropy-14508,15,21,0.640517
astropy-14508,15,22,0.604320
astropy-14508,15,23,0.570547
astropy-14508,15,24,0.539036
astropy-14508,60,0,0.100000
astropy-14508,60,1,0.100000
astropy-14508,60,2,0.150000
astropy-14508,60,3,0.137893
astropy-14508,60,4,0.128717
astropy-14508,60,5,0.121764
astropy-14508,60,6,0.116494
astropy-14508,60,7,0.212500
astropy-14508,60,8,0.285259
astropy-14508,60,9,0.346362
astropy-14508,60,10,0.394636
astropy-14508,60,11,0.423293
astropy-14508,60,12,0.345010
astropy-14508,60,13,0.285683
astropy-14508,60,14,0.290721
astropy-14508,60,15,0.244540
astropy-14508,60,16,0.259541
astropy-14508,60,17,0.370909
astropy-14508,60,18,0.455311
astropy-14508,60,19,0.369275
astropy-14508,60,20,0.304072
astropy-14508,60,21,0.254658
astropy-14508,60,22,0.217209
astropy-14508,60,23,0.188828
astropy-14508,60,24,0.164577
astropy-7336,0,0,0.100000
astropy-7336,0,1,0.100000
astropy-7336,0,2,0.150000
astropy-7336,0,3,0.200000
astropy-7336,0,4,0.200000
astropy-7336,0,5,0.250000
astropy-7336,0,6,0.350000
astropy-7336,0,7,0.507500
astropy-7336,0,8,0.657500
astropy-7336,0,9,0.807500
astropy-7336,0,10,0.957500
astropy-7336,0,11,1.000000
astropy-7336,0,12,1.000000
astropy-7336,0,13,1.000000
astropy-7336,0,14,1.000000
astropy-7336,0,15,1.000000
astropy-7336,0,16,1.000000
astropy-7336,0,17,1.000000
astropy-7336,0,18,1.000000
astropy-7336,0,19,1.000000
astropy-7336,0,20,1.000000
astropy-7336,0,21,1.000000
astropy-7336,0,22,1.000000
astropy-7336,0,23,1.000000
astropy-7336,0,24,1.000000
astropy-7336,0,25,1.000000
astropy-7336,0,26,1.000000
astropy-7336,0,27,1.000000
astropy-7336,5,0,0.100000
astropy-7336,5,1,0.100000
astropy-7336,5,2,0.150000
astropy-7336,5,3,0.198858
astropy-7336,5,4,0.196600
astropy-7336,5,5,0.244394
astropy-7336,5,6,0.341096
astropy-7336,5,7,0.493089
astropy-7336,5,8,0.634111
astropy-7336,5,9,0.771912
astropy-7336,5,10,0.906565
astropy-7336,5,11,0.988143
astropy-7336,5,12,1.000000
astropy-7336,5,13,1.000000
astropy-7336,5,14,1.000000
astropy-7336,5,15,0.979444
astropy-7336,5,16,0.959357
astropy-7336,5,17,1.000000
astropy-7336,5,18,1.000000
astropy-7336,5,19,1.000000
astropy-7336,5,20,0.979444
astropy-7336,5,21,0.959357
astropy-7336,5,22,0.939730
astropy-7336,5,23,0.970550
astropy-7336,5,24,0.950667
astropy-7336,5,25,0.931238
astropy-7336,5,26,0.912252
astropy-7336,5,27,0.893700
astropy-7336,15,0,0.100000
astropy-7336,15,1,0.100000
astropy-7336,15,2,0.150000
astropy-7336,15,3,0.196652
astropy-7336,15,4,0.190179
astropy-7336,15,5,0.234140
astropy-7336,15,6,0.325157
astropy-7336,15,7,0.467579
astropy-7336,15,8,0.592963
astropy-7336,15,9,0.709951
astropy-7336,15,10,0.819105
astropy-7336,15,11,0.870948
astropy-7336,15,12,0.969320
astropy-7336,15,13,1.000000
astropy-7336,15,14,0.989730
astropy-7336,15,15,0.930147
astropy-7336,15,16,0.874555
astropy-7336,15,17,0.912685
astropy-7336,15,18,0.958262
astropy-7336,15,19,1.000000
astropy-7336,15,20,0.939730
astropy-7336,15,21,0.883496
astropy-7336,15,22,0.831027
astropy-7336,15,23,0.820018
astropy-7336,15,24,0.771800
astropy-7336,15,25,0.726812
astropy-7336,15,26,0.684836
astropy-7336,15,27,0.645671
astropy-7336,60,0,0.100000
astropy-7336,60,1,0.100000
astropy-7336,60,2,0.150000
astropy-7336,60,3,0.187893
astropy-7336,60,4,0.166610
astropy-7336,60,5,0.200481
astropy-7336,60,6,0.276151
astropy-7336,60,7,0.383497
astropy-7336,60,8,0.464851
astropy-7336,60,9,0.526505
astropy-7336,60,10,0.573230
astropy-7336,60,11,0.558642
astropy-7336,60,12,0.597585
astropy-7336,60,13,0.577099
astropy-7336,60,14,0.511574
astropy-7336,60,15,0.411914
astropy-7336,60,16,0.326758
astropy-7336,60,17,0.361850
astropy-7336,60,18,0.398445
astropy-7336,60,19,0.426179
astropy-7336,60,20,0.347198
astropy-7336,60,21,0.287341
astropy-7336,60,22,0.241978
astropy-7336,60,23,0.253216
astropy-7336,60,24,0.216116
astropy-7336,60,25,0.187999
astropy-7336,60,26,0.166691
astropy-7336,60,27,0.150542
astropy-7671,0,0,0.100000
astropy-7671,0,1,0.100000
astropy-7671,0,2,0.150000
astropy-7671,0,3,0.150000
astropy-7671,0,4,0.200000
astropy-7671,0,5,0.250000
astropy-7671,0,6,0.300000
astropy-7671,0,7,0.300000
astropy-7671,0,8,0.300000
astropy-7671,0,9,0.300000
astropy-7671,0,10,0.450000
astropy-7671,0,11,0.550000
astropy-7671,0,12,0.550000
astropy-7671,0,13,0.550000
astropy-7671,0,14,0.607500
astropy-7671,0,15,0.707500
astropy-7671,0,16,0.707500
astropy-7671,0,17,0.707500
astropy-7671,0,18,0.707500
astropy-7671,0,19,0.757500
astropy-7671,0,20,0.857500
astropy-7671,0,21,0.857500
astropy-7671,0,22,0.857500
astropy-7671,0,23,0.857500
astropy-7671,0,24,0.857500
astropy-7671,0,25,0.907500
astropy-7671,0,26,0.907500
astropy-7671,5,0,0.100000
astropy-7671,5,1,0.100000
astropy-7671,5,2,0.150000
astropy-7671,5,3,0.148858
astropy-7671,5,4,0.197742
astropy-7671,5,5,0.245510
astropy-7671,5,6,0.292186
astropy-7671,5,7,0.287797
astropy-7671,5,8,0.283507
astropy-7671,5,9,0.279316
astropy-7671,5,10,0.425220
astropy-7671,5,11,0.517792
astropy-7671,5,12,0.508250
astropy-7671,5,13,0.498926
astropy-7671,5,14,0.539814
astropy-7671,5,15,0.629769
astropy-7671,5,16,0.617669
astropy-7671,5,17,0.605845
astropy-7671,5,18,0.594292
astropy-7671,5,19,0.633002
astropy-7671,5,20,0.720828
astropy-7671,5,21,0.706649
astropy-7671,5,22,0.692793
astropy-7671,5,23,0.679253
astropy-7671,5,24,0.666023
astropy-7671,5,25,0.703095
astropy-7671,5,26,0.689320
astropy-7671,15,0,0.100000
astropy-7671,15,1,0.100000
astropy-7671,15,2,0.150000
astropy-7671,15,3,0.146652
astropy-7671,15,4,0.193528
astropy-7671,15,5,0.237264
astropy-7671,15,6,0.278072
astropy-7671,15,7,0.266147
astropy-7671,15,8,0.255021
astropy-7671,15,9,0.244639
astropy-7671,15,10,0.384953
astropy-7671,15,11,0.465871
astropy-7671,15,12,0.441370
astropy-7671,15,13,0.418509
astropy-7671,15,14,0.447180
astropy-7671,15,15,0.523930
astropy-7671,15,16,0.495541
astropy-7671,15,17,0.469052
astropy-7671,15,18,0.444338
astropy-7671,15,19,0.471279
astropy-7671,15,20,0.546415
astropy-7671,15,21,0.516520
astropy-7671,15,22,0.488627
astropy-7671,15,23,0.462602
astropy-7671,15,24,0.438320
astropy-7671,15,25,0.465663
astropy-7671,15,26,0.441176
astropy-7671,60,0,0.100000
astropy-7671,60,1,0.100000
astropy-7671,60,2,0.150000
astropy-7671,60,3,0.137893
astropy-7671,60,4,0.178717
astropy-7671,60,5,0.209657
astropy-7671,60,6,0.233104
astropy-7671,60,7,0.200874
astropy-7671,60,8,0.176448
astropy-7671,60,9,0.157937
astropy-7671,60,10,0.293908
astropy-7671,60,11,0.346955
astropy-7671,60,12,0.287157
astropy-7671,60,13,0.241838
astropy-7671,60,14,0.257493
astropy-7671,60,15,0.319358
astropy-7671,60,16,0.266242
astropy-7671,60,17,0.225988
astropy-7671,60,18,0.195481
astropy-7671,60,19,0.222361
astropy-7671,60,20,0.292732
astropy-7671,60,21,0.246064
astropy-7671,60,22,0.210696
astropy-7671,60,23,0.183892
astropy-7671,60,24,0.163578
astropy-7671,60,25,0.198183
astropy-7671,60,26,0.174409
astropy-8707,0,0,0.100000
astropy-8707,0,1,0.100000
astropy-8707,0,2,0.150000
astropy-8707,0,3,0.150000
astropy-8707,0,4,0.200000
astropy-8707,0,5,0.350000
astropy-8707,0,6,0.450000
astropy-8707,0,7,0.550000
astropy-8707,0,8,0.550000
astropy-8707,0,9,0.550000
astropy-8707,0,10,0.650000
astropy-8707,0,11,0.822500
astropy-8707,0,12,0.995000
astropy-8707,0,13,1.000000
astropy-8707,0,14,1.000000
astropy-8707,0,15,1.000000
astropy-8707,0,16,1.000000
astropy-8707,0,17,1.000000
astropy-8707,0,18,1.000000
astropy-8707,0,19,1.000000
astropy-8707,0,20,1.000000
astropy-8707,0,21,1.000000
astropy-8707,0,22,1.000000
astropy-8707,0,23,1.000000
astropy-8707,0,24,1.000000
astropy-8707,0,25,1.000000
astropy-8707,0,26,1.000000
astropy-8707,0,27,1.000000
astropy-8707,0,28,1.000000
astropy-8707,0,29,1.000000
astropy-8707,0,30,1.000000
astropy-8707,0,31,1.000000
astropy-8707,0,32,1.000000
astropy-8707,0,33,1.000000
astropy-8707,0,34,1.000000
astropy-8707,0,35,1.000000
astropy-8707,0,36,1.000000
astropy-8707,0,37,1.000000
astropy-8707,0,38,1.000000
astropy-8707,0,39,1.000000
astropy-8707,5,0,0.100000
astropy-8707,5,1,0.100000
astropy-8707,5,2,0.150000
astropy-8707,5,3,0.148858
astropy-8707,5,4,0.197742
astropy-8707,5,5,0.345510
astropy-8707,5,6,0.439902
astropy-8707,5,7,0.532139
astropy-8707,5,8,0.522269
astropy-8707,5,9,0.512624
astropy-8707,5,10,0.603200
astropy-8707,5,11,0.749207
astropy-8707,5,12,0.884379
astropy-8707,5,13,1.000000
astropy-8707,5,14,1.000000
astropy-8707,5,15,0.979444
astropy-8707,5,16,1.000000
astropy-8707,5,17,0.979444
astropy-8707,5,18,1.000000
astropy-8707,5,19,1.000000
astropy-8707,5,20,1.000000
astropy-8707,5,21,1.000000
astropy-8707,5,22,1.000000
astropy-8707,5,23,1.000000
astropy-8707,5,24,0.979444
astropy-8707,5,25,0.959357
astropy-8707,5,26,1.000000
astropy-8707,5,27,1.000000
astropy-8707,5,28,1.000000
astropy-8707,5,29,1.000000
astropy-8707,5,30,1.000000
astropy-8707,5,31,0.979444
astropy-8707,5,32,0.959357
astropy-8707,5,33,0.939730
astropy-8707,5,34,0.920550
astropy-8707,5,35,0.951809
astropy-8707,5,36,0.982354
astropy-8707,5,37,1.000000
astropy-8707,5,38,0.979444
astropy-8707,5,39,0.959357
astropy-8707,15,0,0.100000
astropy-8707,15,1,0.100000
astropy-8707,15,2,0.150000
astropy-8707,15,3,0.146652
astropy-8707,15,4,0.193528
astropy-8707,15,5,0.337264
astropy-8707,15,6,0.421375
astropy-8707,15,7,0.499854
astropy-8707,15,8,0.473077
astropy-8707,15,9,0.448093
astropy-8707,15,10,0.524782
astropy-8707,15,11,0.653836
astropy-8707,15,12,0.766747
astropy-8707,15,13,0.872097
astropy-8707,15,14,0.970392
astropy-8707,15,15,0.912104
astropy-8707,15,16,0.907720
astropy-8707,15,17,0.853630
astropy-8707,15,18,0.853161
astropy-8707,15,19,0.852724
astropy-8707,15,20,0.852317
astropy-8707,15,21,0.851936
astropy-8707,15,22,0.901581
astropy-8707,15,23,0.897902
astropy-8707,15,24,0.844469
astropy-8707,15,25,0.794614
astropy-8707,15,26,0.848098
astropy-8707,15,27,0.898000
astropy-8707,15,28,0.944560
astropy-8707,15,29,0.988002
astropy-8707,15,30,1.000000
astropy-8707,15,31,0.939730
astropy-8707,15,32,0.883496
astropy-8707,15,33,0.831027
astropy-8707,15,34,0.782072
astropy-8707,15,35,0.774814
astropy-8707,15,36,0.779623
astropy-8707,15,37,0.884111
astropy-8707,15,38,0.831601
astropy-8707,15,39,0.782608
astropy-8707,60,0,0.100000
astropy-8707,60,1,0.100000
astropy-8707,60,2,0.150000
astropy-8707,60,3,0.137893
astropy-8707,60,4,0.178717
astropy-8707,60,5,0.309657
astropy-8707,60,6,0.358890
astropy-8707,60,7,0.396202
astropy-8707,60,8,0.324479
astropy-8707,60,9,0.270123
astropy-8707,60,10,0.318929
astropy-8707,60,11,0.415917
astropy-8707,60,12,0.489421
astropy-8707,60,13,0.545126
astropy-8707,60,14,0.587342
astropy-8707,60,15,0.469336
astropy-8707,60,16,0.429905
astropy-8707,60,17,0.350021
astropy-8707,60,18,0.339480
astropy-8707,60,19,0.331492
astropy-8707,60,20,0.325438
astropy-8707,60,21,0.320850
astropy-8707,60,22,0.367373
astropy-8707,60,23,0.352631
astropy-8707,60,24,0.291459
astropy-8707,60,25,0.245098
astropy-8707,60,26,0.309964
astropy-8707,60,27,0.359123
astropy-8707,60,28,0.396378
astropy-8707,60,29,0.424613
astropy-8707,60,30,0.446011
astropy-8707,60,31,0.362227
astropy-8707,60,32,0.298731
astropy-8707,60,33,0.250610
astropy-8707,60,34,0.214141
astropy-8707,60,35,0.227979
astropy-8707,60,36,0.246990
astropy-8707,60,37,0.361397
astropy-8707,60,38,0.298102
astropy-8707,60,39,0.250133
astropy-8872,0,0,0.100000
astropy-8872,0,1,0.100000
astropy-8872,0,2,0.150000
astropy-8872,0,3,0.150000
astropy-8872,0,4,0.150000
astropy-8872,0,5,0.150000
astropy-8872,0,6,0.150000
astropy-8872,0,7,0.250000
astropy-8872,0,8,0.250000
astropy-8872,0,9,0.250000
astropy-8872,0,10,0.300000
astropy-8872,0,11,0.300000
astropy-8872,0,12,0.300000
astropy-8872,0,13,0.400000
astropy-8872,0,14,0.450000
astropy-8872,0,15,0.450000
astropy-8872,0,16,0.450000
astropy-8872,0,17,0.500000
astropy-8872,0,18,0.550000
astropy-8872,0,19,0.600000
astropy-8872,0,20,0.600000
astropy-8872,0,21,0.600000
astropy-8872,0,22,0.750000
astropy-8872,0,23,0.807500
astropy-8872,0,24,0.807500
astropy-8872,0,25,0.957500
astropy-8872,0,26,1.000000
astropy-8872,0,27,1.000000
astropy-8872,0,28,1.000000
astropy-8872,0,29,1.000000
astropy-8872,0,30,1.000000
astropy-8872,0,31,1.000000
astropy-8872,0,32,1.000000
astropy-8872,5,0,0.100000
astropy-8872,5,1,0.100000
astropy-8872,5,2,0.150000
astropy-8872,5,3,0.148858
astropy-8872,5,4,0.147742
astropy-8872,5,5,0.146652
astropy-8872,5,6,0.145586
astropy-8872,5,7,0.244545
astropy-8872,5,8,0.241244
astropy-8872,5,9,0.238018
astropy-8872,5,10,0.284865
astropy-8872,5,11,0.280643
astropy-8872,5,12,0.276517
astropy-8872,5,13,0.372485
astropy-8872,5,14,0.416262
astropy-8872,5,15,0.409038
astropy-8872,5,16,0.401980
astropy-8872,5,17,0.445083
astropy-8872,5,18,0.487201
astropy-8872,5,19,0.528357
astropy-8872,5,20,0.518574
astropy-8872,5,21,0.509013
astropy-8872,5,22,0.649671
astropy-8872,5,23,0.687117
astropy-8872,5,24,0.673707
astropy-8872,5,25,0.810604
astropy-8872,5,26,0.944373
astropy-8872,5,27,1.000000
astropy-8872,5,28,1.000000
astropy-8872,5,29,0.979444
astropy-8872,5,30,0.959357
astropy-8872,5,31,0.939730
astropy-8872,5,32,0.920550
astropy-8872,15,0,0.100000
astropy-8872,15,1,0.100000
astropy-8872,15,2,0.150000
astropy-8872,15,3,0.146652
astropy-8872,15,4,0.143528
astropy-8872,15,5,0.140613
astropy-8872,15,6,0.137893
astropy-8872,15,7,0.235355
astropy-8872,15,8,0.226291
astropy-8872,15,9,0.217834
astropy-8872,15,10,0.259943
astropy-8872,15,11,0.249232
astropy-8872,15,12,0.239238
astropy-8872,15,13,0.329914
astropy-8872,15,14,0.364517
astropy-8872,15,15,0.346803
astropy-8872,15,16,0.330276
astropy-8872,15,17,0.364855
astropy-8872,15,18,0.397118
astropy-8872,15,19,0.427221
astropy-8872,15,20,0.405308
astropy-8872,15,21,0.384862
astropy-8872,15,22,0.515786
astropy-8872,15,23,0.537942
astropy-8872,15,24,0.508614
astropy-8872,15,25,0.631251
astropy-8872,15,26,0.745675
astropy-8872,15,27,0.852436
astropy-8872,15,28,0.852047
astropy-8872,15,29,0.801685
astropy-8872,15,30,0.754695
astropy-8872,15,31,0.710852
astropy-8872,15,32,0.669945
astropy-8872,60,0,0.100000
astropy-8872,60,1,0.100000
astropy-8872,60,2,0.150000
astropy-8872,60,3,0.137893
astropy-8872,60,4,0.128717
astropy-8872,60,5,0.121764
astropy-8872,60,6,0.116494
astropy-8872,60,7,0.212500
astropy-8872,60,8,0.185259
astropy-8872,60,9,0.164614
astropy-8872,60,10,0.198968
astropy-8872,60,11,0.175004
astropy-8872,60,12,0.156842
astropy-8872,60,13,0.243079
astropy-8872,60,14,0.258433
astropy-8872,60,15,0.220070
astropy-8872,60,16,0.190996
astropy-8872,60,17,0.218962
astropy-8872,60,18,0.240156
astropy-8872,60,19,0.256219
astropy-8872,60,20,0.218392
astropy-8872,60,21,0.189724
astropy-8872,60,22,0.317998
astropy-8872,60,23,0.315212
astropy-8872,60,24,0.263100
astropy-8872,60,25,0.373607
astropy-8872,60,26,0.457355
astropy-8872,60,27,0.520825
astropy-8872,60,28,0.468925
astropy-8872,60,29,0.379593
astropy-8872,60,30,0.311892
astropy-8872,60,31,0.260584
astropy-8872,60,32,0.216742
django-10097,0,0,0.100000
django-10097,0,1,0.150000
django-10097,0,2,0.200000
django-10097,0,3,0.200000
django-10097,0,4,0.350000
django-10097,0,5,0.407500
django-10097,0,6,0.465000
django-10097,0,7,0.465000
django-10097,0,8,0.465000
django-10097,0,9,0.465000
django-10097,0,10,0.565000
django-10097,0,11,0.665000
django-10097,0,12,0.780000
django-10097,0,13,0.895000
django-10097,0,14,1.000000
django-10097,0,15,1.000000
django-10097,0,16,1.000000
django-10097,0,17,1.000000
django-10097,0,18,1.000000
django-10097,0,19,1.000000
django-10097,0,20,1.000000
django-10097,0,21,1.000000
django-10097,0,22,1.000000
django-10097,0,23,1.000000
django-10097,0,24,1.000000
django-10097,0,25,1.000000
django-10097,0,26,1.000000
django-10097,0,27,1.000000
django-10097,0,28,1.000000
django-10097,0,29,1.000000
django-10097,0,30,1.000000
django-10097,0,31,1.000000
django-10097,0,32,1.000000
django-10097,0,33,1.000000
django-10097,5,0,0.100000
django-10097,5,1,0.150000
django-10097,5,2,0.198858
django-10097,5,3,0.196600
django-10097,5,4,0.344394
django-10097,5,5,0.388812
django-10097,5,6,0.432215
django-10097,5,7,0.424627
django-10097,5,8,0.417213
django-10097,5,9,0.409968
django-10097,5,10,0.502888
django-10097,5,11,0.593686
django-10097,5,12,0.684085
django-10097,5,13,0.772726
django-10097,5,14,0.859643
django-10097,5,15,0.844870
django-10097,5,16,0.877857
django-10097,5,17,0.860091
django-10097,5,18,0.892730
django-10097,5,19,1.000000
django-10097,5,20,0.979444
django-10097,5,21,1.000000
django-10097,5,22,0.979444
django-10097,5,23,0.959357
django-10097,5,24,0.939730
django-10097,5,25,0.920550
django-10097,5,26,0.901809
django-10097,5,27,0.883496
django-10097,5,28,0.865600
django-10097,5,29,0.848114
django-10097,5,30,0.831027
django-10097,5,31,0.814330
django-10097,5,32,0.848015
django-10097,5,33,0.830930
django-10097,15,0,0.100000
django-10097,15,1,0.150000
django-10097,15,2,0.196652
django-10097,15,3,0.190179
django-10097,15,4,0.334140
django-10097,15,5,0.368460
django-10097,15,6,0.400482
django-10097,15,7,0.380360
django-10097,15,8,0.361585
django-10097,15,9,0.344068
django-10097,15,10,0.427723
django-10097,15,11,0.505777
django-10097,15,12,0.582560
django-10097,15,13,0.654950
django-10097,15,14,0.723198
django-10097,15,15,0.687542
django-10097,15,16,0.698196
django-10097,15,17,0.658136
django-10097,15,18,0.670760
django-10097,15,19,0.782538
django-10097,15,20,0.736830
django-10097,15,21,0.844183
django-10097,15,22,0.794348
django-10097,15,23,0.747849
django-10097,15,24,0.704465
django-10097,15,25,0.663986
django-10097,15,26,0.620774
django-10097,15,27,0.580874
django-10097,15,28,0.544030
django-10097,15,29,0.510010
django-10097,15,30,0.482553
django-10097,15,31,0.456934
django-10097,15,32,0.483031
django-10097,15,33,0.457381
django-10097,60,0,0.100000
django-10097,60,1,0.150000
django-10097,60,2,0.187893
django-10097,60,3,0.166610
django-10097,60,4,0.300481
django-10097,60,5,0.301936
django-10097,60,6,0.303039
django-10097,60,7,0.253875
django-10097,60,8,0.216615
django-10097,60,9,0.188378
django-10097,60,10,0.266978
django-10097,60,11,0.326546
django-10097,60,12,0.371689
django-10097,60,13,0.405902
django-10097,60,14,0.431830
django-10097,60,15,0.351480
django-10097,60,16,0.340587
django-10097,60,17,0.282331
django-10097,60,18,0.288181
django-10097,60,19,0.392614
django-10097,60,20,0.321760
django-10097,60,21,0.418063
django-10097,60,22,0.341047
django-10097,60,23,0.282679
django-10097,60,24,0.238445
django-10097,60,25,0.200648
django-10097,60,26,0.173169
django-10097,60,27,0.153193
django-10097,60,28,0.140313
django-10097,60,29,0.130551
django-10097,60,30,0.123154
django-10097,60,31,0.117547
django-10097,60,32,0.163298
django-10097,60,33,0.147971
django-10554,0,0,0.100000
django-10554,0,1,0.100000
django-10554,0,2,0.150000
django-10554,0,3,0.150000
django-10554,0,4,0.200000
django-10554,0,5,0.200000
django-10554,0,6,0.200000
django-10554,0,7,0.350000
django-10554,0,8,0.522500
django-10554,0,9,0.637500
django-10554,0,10,0.810000
django-10554,0,11,0.982500
django-10554,0,12,1.000000
django-10554,0,13,1.000000
django-10554,0,14,1.000000
django-10554,0,15,1.000000
django-10554,0,16,1.000000
django-10554,0,17,1.000000
django-10554,0,18,1.000000
django-10554,0,19,1.000000
django-10554,0,20,1.000000
django-10554,0,21,1.000000
django-10554,0,22,1.000000
django-10554,0,23,1.000000
django-10554,0,24,1.000000
django-10554,0,25,1.000000
django-10554,0,26,1.000000
django-10554,0,27,1.000000
django-10554,0,28,1.000000
django-10554,0,29,1.000000
django-10554,0,30,1.000000
django-10554,0,31,1.000000
django-10554,5,0,0.100000
django-10554,5,1,0.100000
django-10554,5,2,0.150000
django-10554,5,3,0.148858
django-10554,5,4,0.197742
django-10554,5,5,0.195510
django-10554,5,6,0.193328
django-10554,5,7,0.341197
django-10554,5,8,0.485688
django-10554,5,9,0.576879
django-10554,5,10,0.715987
django-10554,5,11,0.854007
django-10554,5,12,0.986786
django-10554,5,13,0.966531
django-10554,5,14,1.000000
django-10554,5,15,1.000000
django-10554,5,16,0.979444
django-10554,5,17,0.959357
django-10554,5,18,1.000000
django-10554,5,19,1.000000
django-10554,5,20,1.000000
django-10554,5,21,1.000000
django-10554,5,22,1.000000
django-10554,5,23,0.979444
django-10554,5,24,1.000000
django-10554,5,25,0.979444
django-10554,5,26,0.959357
django-10554,5,27,0.939730
django-10554,5,28,0.970550
django-10554,5,29,1.000000
django-10554,5,30,0.979444
django-10554,5,31,0.959357
django-10554,15,0,0.100000
django-10554,15,1,0.100000
django-10554,15,2,0.150000
django-10554,15,3,0.146652
django-10554,15,4,0.193528
django-10554,15,5,0.187264
django-10554,15,6,0.181420
django-10554,15,7,0.325968
django-10554,15,8,0.460836
django-10554,15,9,0.536671
django-10554,15,10,0.657429
django-10554,15,11,0.775535
django-10554,15,12,0.880297
django-10554,15,13,0.828043
django-10554,15,14,0.929288
django-10554,15,15,0.923753
django-10554,15,16,0.868589
django-10554,15,17,0.817119
django-10554,15,18,0.869095
django-10554,15,19,0.917591
django-10554,15,20,0.962840
django-10554,15,21,1.000000
django-10554,15,22,1.000000
django-10554,15,23,0.939730
django-10554,15,24,0.933496
django-10554,15,25,0.877679
django-10554,15,26,0.825600
django-10554,15,27,0.777009
django-10554,15,28,0.776671
django-10554,15,29,0.881357
django-10554,15,30,0.829032
django-10554,15,31,0.780211
django-10554,60,0,0.100000
django-10554,60,1,0.100000
django-10554,60,2,0.150000
django-10554,60,3,0.137893
django-10554,60,4,0.178717
django-10554,60,5,0.159657
django-10554,60,6,0.145211
django-10554,60,7,0.284264
django-10554,60,8,0.389646
django-10554,60,9,0.419510
django-10554,60,10,0.492144
django-10554,60,11,0.559810
django-10554,60,12,0.598471
django-10554,60,13,0.477770
django-10554,60,14,0.521296
django-10554,60,15,0.469283
django-10554,60,16,0.379864
django-10554,60,17,0.312097
django-10554,60,18,0.350740
django-10554,60,19,0.390025
django-10554,60,20,0.419798
django-10554,60,21,0.442362
django-10554,60,22,0.459462
django-10554,60,23,0.372421
django-10554,60,24,0.356456
django-10554,60,25,0.294358
django-10554,60,26,0.247296
django-10554,60,27,0.211629
django-10554,60,28,0.229599
django-10554,60,29,0.348218
django-10554,60,30,0.288114
django-10554,60,31,0.242564
django-10914,0,0,0.100000
django-10914,0,1,0.100000
django-10914,0,2,0.100000
django-10914,0,3,0.150000
django-10914,0,4,0.150000
django-10914,0,5,0.150000
django-10914,0,6,0.250000
django-10914,0,7,0.350000
django-10914,0,8,0.465000
django-10914,0,9,0.580000
django-10914,0,10,0.580000
django-10914,0,11,0.580000
django-10914,0,12,0.637500
django-10914,0,13,0.695000
django-10914,0,14,0.695000
django-10914,0,15,0.845000
django-10914,0,16,0.845000
django-10914,0,17,0.845000
django-10914,0,18,0.945000
django-10914,0,19,1.000000
django-10914,0,20,1.000000
django-10914,0,21,1.000000
django-10914,0,22,1.000000
django-10914,0,23,1.000000
django-10914,0,24,1.000000
django-10914,0,25,1.000000
django-10914,0,26,1.000000
django-10914,0,27,1.000000
django-10914,0,28,1.000000
django-10914,0,29,1.000000
django-10914,0,30,1.000000
django-10914,0,31,1.000000
django-10914,0,32,1.000000
django-10914,5,0,0.100000
django-10914,5,1,0.100000
django-10914,5,2,0.100000
django-10914,5,3,0.150000
django-10914,5,4,0.148858
django-10914,5,5,0.147742
django-10914,5,6,0.246652
django-10914,5,7,0.343302
django-10914,5,8,0.438570
django-10914,5,9,0.531986
django-10914,5,10,0.523585
django-10914,5,11,0.513910
django-10914,5,12,0.554457
django-10914,5,13,0.594077
django-10914,5,14,0.582792
django-10914,5,15,0.721765
django-10914,5,16,0.707564
django-10914,5,17,0.693687
django-10914,5,18,0.780127
django-10914,5,19,0.864593
django-10914,5,20,0.949724
django-10914,5,21,0.933199
django-10914,5,22,0.964168
django-10914,5,23,0.944431
django-10914,5,24,0.975144
django-10914,5,25,1.000000
django-10914,5,26,1.000000
django-10914,5,27,0.979444
django-10914,5,28,1.000000
django-10914,5,29,0.979444
django-10914,5,30,0.959357
django-10914,5,31,1.000000
django-10914,5,32,0.979444
django-10914,15,0,0.100000
django-10914,15,1,0.100000
django-10914,15,2,0.100000
django-10914,15,3,0.150000
django-10914,15,4,0.146652
django-10914,15,5,0.143528
django-10914,15,6,0.240613
django-10914,15,7,0.331196
django-10914,15,8,0.417968
django-10914,15,9,0.499776
django-10914,15,10,0.476902
django-10914,15,11,0.451662
django-10914,15,12,0.478112
django-10914,15,13,0.502791
django-10914,15,14,0.475818
django-10914,15,15,0.600650
django-10914,15,16,0.567123
django-10914,15,17,0.535841
django-10914,15,18,0.606654
django-10914,15,19,0.672725
django-10914,15,20,0.739956
django-10914,15,21,0.703341
django-10914,15,22,0.712937
django-10914,15,23,0.671891
django-10914,15,24,0.683593
django-10914,15,25,0.794511
django-10914,15,26,0.898002
django-10914,15,27,0.844562
django-10914,15,28,0.944701
django-10914,15,29,0.888134
django-10914,15,30,0.835355
django-10914,15,31,0.936110
django-10914,15,32,0.880119
django-10914,60,0,0.100000
django-10914,60,1,0.100000
django-10914,60,2,0.100000
django-10914,60,3,0.150000
django-10914,60,4,0.137893
django-10914,60,5,0.128717
django-10914,60,6,0.221764
django-10914,60,7,0.292280
django-10914,60,8,0.351909
django-10914,60,9,0.390911
django-10914,60,10,0.320469
django-10914,60,11,0.267085
django-10914,60,12,0.271626
django-10914,60,13,0.280069
django-10914,60,14,0.236466
django-10914,60,15,0.353422
django-10914,60,16,0.292058
django-10914,60,17,0.245553
django-10914,60,18,0.310308
django-10914,60,19,0.359384
django-10914,60,20,0.396576
django-10914,60,21,0.324763
django-10914,60,22,0.320338
django-10914,60,23,0.266985
django-10914,60,24,0.276551
django-10914,60,25,0.383801
django-10914,60,26,0.465081
django-10914,60,27,0.376679
django-10914,60,28,0.459684
django-10914,60,29,0.372589
django-10914,60,30,0.306584
django-10914,60,31,0.391561
django-10914,60,32,0.320962
django-10973,0,0,0.100000
django-10973,0,1,0.100000
django-10973,0,2,0.100000
django-10973,0,3,0.150000
django-10973,0,4,0.150000
django-10973,0,5,0.150000
django-10973,0,6,0.250000
django-10973,0,7,0.350000
django-10973,0,8,0.465000
django-10973,0,9,0.465000
django-10973,0,10,0.465000
django-10973,0,11,0.465000
django-10973,0,12,0.522500
django-10973,0,13,0.580000
django-10973,0,14,0.730000
django-10973,0,15,0.730000
django-10973,0,16,0.730000
django-10973,0,17,0.730000
django-10973,0,18,0.730000
django-10973,0,19,0.730000
django-10973,0,20,0.830000
django-10973,0,21,0.930000
django-10973,0,22,0.987500
django-10973,0,23,0.987500
django-10973,0,24,0.987500
django-10973,0,25,1.000000
django-10973,0,26,1.000000
django-10973,0,27,1.000000
django-10973,0,28,1.000000
django-10973,0,29,1.000000
django-10973,0,30,1.000000
django-10973,5,0,0.100000
django-10973,5,1,0.100000
django-10973,5,2,0.100000
django-10973,5,3,0.150000
django-10973,5,4,0.148858
django-10973,5,5,0.147742
django-10973,5,6,0.246652
django-10973,5,7,0.343302
django-10973,5,8,0.438570
django-10973,5,9,0.431986
django-10973,5,10,0.424404
django-10973,5,11,0.416994
django-10973,5,12,0.459754
django-10973,5,13,0.501537
django-10973,5,14,0.642366
django-10973,5,15,0.629978
django-10973,5,16,0.617874
django-10973,5,17,0.606045
django-10973,5,18,0.594487
django-10973,5,19,0.583193
django-10973,5,20,0.672157
django-10973,5,21,0.759089
django-10973,5,22,0.796271
django-10973,5,23,0.780368
django-10973,5,24,0.764829
django-10973,5,25,0.799644
django-10973,5,26,0.783664
django-10973,5,27,0.768049
django-10973,5,28,0.752791
django-10973,5,29,0.787881
django-10973,5,30,0.772170
django-10973,15,0,0.100000
django-10973,15,1,0.100000
django-10973,15,2,0.100000
django-10973,15,3,0.150000
django-10973,15,4,0.146652
django-10973,15,5,0.143528
django-10973,15,6,0.240613
django-10973,15,7,0.331196
django-10973,15,8,0.417968
django-10973,15,9,0.399776
django-10973,15,10,0.379700
django-10973,15,11,0.360970
django-10973,15,12,0.393493
django-10973,15,13,0.423839
django-10973,15,14,0.552152
django-10973,15,15,0.521873
django-10973,15,16,0.493622
django-10973,15,17,0.467262
django-10973,15,18,0.442668
django-10973,15,19,0.419720
django-10973,15,20,0.498309
django-10973,15,21,0.571636
django-10973,15,22,0.594651
django-10973,15,23,0.561526
django-10973,15,24,0.530619
django-10973,15,25,0.551781
django-10973,15,26,0.521527
django-10973,15,27,0.493299
django-10973,15,28,0.466961
django-10973,15,29,0.492386
django-10973,15,30,0.466109
django-10973,60,0,0.100000
django-10973,60,1,0.100000
django-10973,60,2,0.100000
django-10973,60,3,0.150000
django-10973,60,4,0.137893
django-10973,60,5,0.128717
django-10973,60,6,0.221764
django-10973,60,7,0.292280
django-10973,60,8,0.351909
django-10973,60,9,0.290911
django-10973,60,10,0.244684
django-10973,60,11,0.209650
django-10973,60,12,0.228099
django-10973,60,13,0.247081
django-10973,60,14,0.361466
django-10973,60,15,0.298155
django-10973,60,16,0.250173
django-10973,60,17,0.213810
django-10973,60,18,0.186252
django-10973,60,19,0.162704
django-10973,60,20,0.247521
django-10973,60,21,0.311800
django-10973,60,22,0.317331
django-10973,60,23,0.264706
django-10973,60,24,0.224824
django-10973,60,25,0.244599
django-10973,60,26,0.209585
django-10973,60,27,0.183050
django-10973,60,28,0.162940
django-10973,60,29,0.197700
django-10973,60,30,0.174043
django-11087,0,0,0.100000
django-11087,0,1,0.100000
django-11087,0,2,0.100000
django-11087,0,3,0.150000
django-11087,0,4,0.200000
django-11087,0,5,0.450000
django-11087,0,6,0.450000
django-11087,0,7,0.737500
django-11087,0,8,0.737500
django-11087,0,9,0.737500
django-11087,0,10,0.737500
django-11087,0,11,0.737500
django-11087,0,12,0.737500
django-11087,0,13,0.737500
django-11087,0,14,0.737500
django-11087,0,15,0.852500
django-11087,0,16,0.952500
django-11087,0,17,1.000000
django-11087,0,18,1.000000
django-11087,0,19,1.000000
django-11087,0,20,1.000000
django-11087,0,21,1.000000
django-11087,0,22,1.000000
django-11087,0,23,1.000000
django-11087,0,24,1.000000
django-11087,0,25,1.000000
django-11087,0,26,1.000000
django-11087,0,27,1.000000
django-11087,0,28,1.000000
django-11087,0,29,1.000000
django-11087,0,30,1.000000
django-11087,0,31,1.000000
django-11087,0,32,1.000000
django-11087,0,33,1.000000
django-11087,0,34,1.000000
django-11087,0,35,1.000000
django-11087,0,36,1.000000
django-11087,0,37,1.000000
django-11087,5,0,0.100000
django-11087,5,1,0.100000
django-11087,5,2,0.100000
django-11087,5,3,0.150000
django-11087,5,4,0.198858
django-11087,5,5,0.446600
django-11087,5,6,0.439860
django-11087,5,7,0.683250
django-11087,5,8,0.671907
django-11087,5,9,0.660785
django-11087,5,10,0.647977
django-11087,5,11,0.635461
django-11087,5,12,0.623231
django-11087,5,13,0.611280
django-11087,5,14,0.599603
django-11087,5,15,0.688192
django-11087,5,16,0.774757
django-11087,5,17,0.861635
django-11087,5,18,0.846823
django-11087,5,19,0.829766
django-11087,5,20,0.863098
django-11087,5,21,0.845669
django-11087,5,22,0.878637
django-11087,5,23,0.860853
django-11087,5,24,0.843475
django-11087,5,25,0.876494
django-11087,5,26,0.858759
django-11087,5,27,0.891429
django-11087,5,28,0.873353
django-11087,5,29,0.905690
django-11087,5,30,0.887288
django-11087,5,31,0.869306
django-11087,5,32,1.000000
django-11087,5,33,1.000000
django-11087,5,34,1.000000
django-11087,5,35,1.000000
django-11087,5,36,0.979444
django-11087,5,37,0.959357
django-11087,15,0,0.100000
django-11087,15,1,0.100000
django-11087,15,2,0.100000
django-11087,15,3,0.150000
django-11087,15,4,0.196652
django-11087,15,5,0.440179
django-11087,15,6,0.420716
django-11087,15,7,0.652366
django-11087,15,8,0.620762
django-11087,15,9,0.590966
django-11087,15,10,0.558088
django-11087,15,11,0.527411
django-11087,15,12,0.498789
django-11087,15,13,0.472083
django-11087,15,14,0.447166
django-11087,15,15,0.523917
django-11087,15,16,0.595528
django-11087,15,17,0.667177
django-11087,15,18,0.634725
django-11087,15,19,0.598916
django-11087,15,20,0.615505
django-11087,15,21,0.580984
django-11087,15,22,0.598774
django-11087,15,23,0.565372
django-11087,15,24,0.534208
django-11087,15,25,0.555130
django-11087,15,26,0.524651
django-11087,15,27,0.546214
django-11087,15,28,0.516332
django-11087,15,29,0.538452
django-11087,15,30,0.509090
django-11087,15,31,0.481694
django-11087,15,32,0.606133
django-11087,15,33,0.622239
django-11087,15,34,0.637266
django-11087,15,35,0.651287
django-11087,15,36,0.614369
django-11087,15,37,0.579923
django-11087,60,0,0.100000
django-11087,60,1,0.100000
django-11087,60,2,0.100000
django-11087,60,3,0.150000
django-11087,60,4,0.187893
django-11087,60,5,0.416610
django-11087,60,6,0.350135
django-11087,60,7,0.547617
django-11087,60,8,0.453636
django-11087,60,9,0.368006
django-11087,60,10,0.303111
django-11087,60,11,0.247659
django-11087,60,12,0.207346
django-11087,60,13,0.178039
django-11087,60,14,0.156733
django-11087,60,15,0.242996
django-11087,60,16,0.308371
django-11087,60,17,0.364621
django-11087,60,18,0.300545
django-11087,60,19,0.251985
django-11087,60,20,0.265183
django-11087,60,21,0.225185
django-11087,60,22,0.244873
django-11087,60,23,0.209793
django-11087,60,24,0.183208
django-11087,60,25,0.213060
django-11087,60,26,0.185683
django-11087,60,27,0.214936
django-11087,60,28,0.187105
django-11087,60,29,0.216013
django-11087,60,30,0.187922
django-11087,60,31,0.166632
django-11087,60,32,0.300498
django-11087,60,33,0.301949
django-11087,60,34,0.303049
django-11087,60,35,0.303882
django-11087,60,36,0.254514
django-11087,60,37,0.217099
django-11095,0,0,0.100000
django-11095,0,1,0.100000
django-11095,0,2,0.150000
django-11095,0,3,0.150000
django-11095,0,4,0.150000
django-11095,0,5,0.250000
django-11095,0,6,0.350000
django-11095,0,7,0.465000
django-11095,0,8,0.465000
django-11095,0,9,0.465000
django-11095,0,10,0.522500
django-11095,0,11,0.522500
django-11095,0,12,0.522500
django-11095,0,13,0.580000
django-11095,0,14,0.630000
django-11095,0,15,0.630000
django-11095,0,16,0.680000
django-11095,0,17,0.730000
django-11095,0,18,0.730000
django-11095,0,19,0.780000
django-11095,0,20,0.830000
django-11095,0,21,0.880000
django-11095,0,22,0.930000
django-11095,0,23,1.000000
django-11095,0,24,1.000000
django-11095,0,25,1.000000
django-11095,0,26,1.000000
django-11095,0,27,1.000000
django-11095,0,28,1.000000
django-11095,0,29,1.000000
django-11095,5,0,0.100000
django-11095,5,1,0.100000
django-11095,5,2,0.150000
django-11095,5,3,0.148858
django-11095,5,4,0.147742
django-11095,5,5,0.246652
django-11095,5,6,0.343302
django-11095,5,7,0.438570
django-11095,5,8,0.431986
django-11095,5,9,0.424404
django-11095,5,10,0.466994
django-11095,5,11,0.458612
django-11095,5,12,0.450421
django-11095,5,13,0.492418
django-11095,5,14,0.533455
django-11095,5,15,0.523555
django-11095,5,16,0.563881
django-11095,5,17,0.603286
django-11095,5,18,0.591791
django-11095,5,19,0.630558
django-11095,5,20,0.668440
django-11095,5,21,0.705457
django-11095,5,22,0.741628
django-11095,5,23,0.876973
django-11095,5,24,0.859227
django-11095,5,25,0.991887
django-11095,5,26,1.000000
django-11095,5,27,1.000000
django-11095,5,28,0.979444
django-11095,5,29,0.959357
django-11095,15,0,0.100000
django-11095,15,1,0.100000
django-11095,15,2,0.150000
django-11095,15,3,0.146652
django-11095,15,4,0.143528
django-11095,15,5,0.240613
django-11095,15,6,0.331196
django-11095,15,7,0.417968
django-11095,15,8,0.399776
django-11095,15,9,0.379700
django-11095,15,10,0.410970
django-11095,15,11,0.390145
django-11095,15,12,0.370715
django-11095,15,13,0.402586
django-11095,15,14,0.432323
django-11095,15,15,0.410068
django-11095,15,16,0.439304
django-11095,15,17,0.466582
django-11095,15,18,0.442033
django-11095,15,19,0.469128
django-11095,15,20,0.494408
django-11095,15,21,0.517996
django-11095,15,22,0.540004
django-11095,15,23,0.660538
django-11095,15,24,0.623001
django-11095,15,25,0.737977
django-11095,15,26,0.745254
django-11095,15,27,0.752043
django-11095,15,28,0.708377
django-11095,15,29,0.667636
django-11095,60,0,0.100000
django-11095,60,1,0.100000
django-11095,60,2,0.150000
django-11095,60,3,0.137893
django-11095,60,4,0.128717
django-11095,60,5,0.221764
django-11095,60,6,0.292280
django-11095,60,7,0.351909
django-11095,60,8,0.290911
django-11095,60,9,0.244684
django-11095,60,10,0.259650
django-11095,60,11,0.220992
django-11095,60,12,0.191695
django-11095,60,13,0.219492
django-11095,60,14,0.240558
django-11095,60,15,0.206523
django-11095,60,16,0.230729
django-11095,60,17,0.249074
django-11095,60,18,0.212977
django-11095,60,19,0.235621
django-11095,60,20,0.252781
django-11095,60,21,0.265787
django-11095,60,22,0.275643
django-11095,60,23,0.383112
django-11095,60,24,0.314559
django-11095,60,25,0.412605
django-11095,60,26,0.386911
django-11095,60,27,0.367438
django-11095,60,28,0.302680
django-11095,60,29,0.253603
